epoch,loss,train_acc
1,1.1012202501296997,0.3152370611653999
2,1.0953302383422852,0.3633731451321028
3,1.092329978942871,0.3691639522258415
4,1.0908210277557373,0.3850886717336229
5,1.0892634391784668,0.38074556641331886
6,1.0894153118133545,0.38436482084690554
7,1.0884672403335571,0.3850886717336229
8,1.0851141214370728,0.38545059717698155
9,1.0857105255126953,0.38545059717698155
10,1.0834556818008423,0.3847267462902642
11,1.0812207460403442,0.38545059717698155
12,1.0725406408309937,0.39087947882736157
13,1.0686756372451782,0.4020991675714803
14,1.067008376121521,0.4107853782120883
15,1.0595505237579346,0.43105320304017375
16,1.0543205738067627,0.44661599710459643
17,1.0465798377990723,0.47050307636626854
18,1.0362553596496582,0.4900470503076366
19,1.0275601148605347,0.5175533840028954
20,1.0140001773834229,0.5320304017372421
21,1.0019991397857666,0.5479551212450235
22,0.9847856760025024,0.5674990951863916
23,0.966132640838623,0.5787187839305103
24,0.9454005360603333,0.5939196525515744
25,0.9243494272232056,0.6203402099167572
26,0.8984526991844177,0.6311979732175171
27,0.874930739402771,0.6482084690553745
28,0.8552433252334595,0.6536373507057546
29,0.8201982378959656,0.6713716974303293
30,0.7986105680465698,0.6800579080709374
31,0.7672198414802551,0.7082880926529135
32,0.733799159526825,0.7234889612739775
33,0.7017742395401001,0.7423090843286283
34,0.6829718947410583,0.7564241766196164
35,0.6484777331352234,0.7723488961273978
36,0.6248027086257935,0.7824828085414405
37,0.6185756921768188,0.7918928700687659
38,0.5928130149841309,0.7980456026058632
39,0.5673132538795471,0.8143322475570033
40,0.544753909111023,0.8295331161780674
41,0.5181956887245178,0.8291711907347087
42,0.5015584826469421,0.8411147303655447
43,0.47979527711868286,0.8505247918928701
44,0.4565373659133911,0.8487151646760768
45,0.4347371459007263,0.8592110025334782
46,0.40922629833221436,0.8707926167209555
47,0.3923017680644989,0.8758595729279768
48,0.38553470373153687,0.8715164676076729
49,0.36688876152038574,0.8758595729279768
50,0.3526798188686371,0.8838219326818675
51,0.3368549942970276,0.8932319942091929
52,0.32109522819519043,0.9015562794064422
53,0.31340131163597107,0.9026420557365182
54,0.2972162365913391,0.9004705030763662
55,0.28543075919151306,0.9109663409337676
56,0.2640460729598999,0.9200144770177343
57,0.2634600102901459,0.9200144770177343
58,0.25666481256484985,0.9254433586681143
59,0.24325664341449738,0.9308722403184944
60,0.23027676343917847,0.9276149113282663
61,0.2210615873336792,0.9308722403184944
62,0.22666890919208527,0.9250814332247557
63,0.19822978973388672,0.9428157799493304
64,0.2080322504043579,0.9319580166485704
65,0.2016417533159256,0.9373868982989504
66,0.18257851898670197,0.9457111834961998
67,0.19154824316501617,0.934491494752081
68,0.191353902220726,0.9359391965255157
69,0.17694835364818573,0.9424538545059717
70,0.1673220992088318,0.9525877669200145
71,0.17467230558395386,0.9449873326094824
72,0.16373580694198608,0.9518639160332971
73,0.15404875576496124,0.9551212450235251
74,0.15325072407722473,0.9543973941368078
75,0.15255001187324524,0.9540354686934491
76,0.1425195336341858,0.9558450959102425
77,0.13782286643981934,0.9554831704668838
78,0.14090099930763245,0.9547593195801665
79,0.1488446295261383,0.9500542888165038
80,0.14109845459461212,0.9493304379297864
81,0.14476938545703888,0.9518639160332971
82,0.131097212433815,0.9591024249004705
83,0.11779285967350006,0.9627216793340572
84,0.12486296147108078,0.9634455302207745
85,0.11704685539007187,0.9667028592110025
86,0.11998767405748367,0.9587404994571118
87,0.1279820203781128,0.9612739775606225
88,0.12288009375333786,0.9598262757871878
89,0.12677431106567383,0.9591024249004705
90,0.12925082445144653,0.9562070213536011
91,0.12259171903133392,0.9638074556641332
92,0.12145934253931046,0.9587404994571118
93,0.10298556834459305,0.9699601882012305
94,0.12368826568126678,0.9598262757871878
95,0.10425617545843124,0.9641693811074918
96,0.11199919879436493,0.9630836047774158
97,0.10980021208524704,0.9630836047774158
98,0.11469554156064987,0.9601882012305465
99,0.11503718793392181,0.9609120521172638
100,0.10480940341949463,0.9663409337676439
101,0.10992283374071121,0.9627216793340572
102,0.09542068839073181,0.9724936663047412
103,0.11609266698360443,0.9587404994571118
104,0.10125604271888733,0.9710459645313065
105,0.09483865648508072,0.9706840390879479
106,0.10560105741024017,0.9638074556641332
107,0.09803342819213867,0.9692363373145132
108,0.11016223579645157,0.9619978284473398
109,0.10235439985990524,0.9677886355410785
110,0.10071703046560287,0.9641693811074918
111,0.09502938389778137,0.9659790083242852
112,0.10154235363006592,0.9641693811074918
113,0.09781062602996826,0.9656170828809265
114,0.09845635294914246,0.9641693811074918
115,0.09756986796855927,0.9670647846543612
116,0.09516581147909164,0.9656170828809265
117,0.10497745126485825,0.9609120521172638
118,0.09188848733901978,0.9692363373145132
119,0.0899299830198288,0.9692363373145132
120,0.10413777083158493,0.9583785740137531
121,0.08689264953136444,0.9685124864277959
122,0.08488857746124268,0.9710459645313065
123,0.0944124311208725,0.9634455302207745
124,0.0894121378660202,0.9663409337676439
125,0.09858809411525726,0.9605501266739052
126,0.08398161083459854,0.9695982627578719
127,0.08665451407432556,0.9695982627578719
128,0.0932343453168869,0.9688744118711545
129,0.07626845687627792,0.9753890698516106
130,0.08343043923377991,0.9681505609844372
131,0.09752652794122696,0.9638074556641332
132,0.08739953488111496,0.9667028592110025
133,0.08285058289766312,0.9721317408613825
134,0.08280288428068161,0.9663409337676439
135,0.08540520817041397,0.9685124864277959
136,0.0806780606508255,0.9721317408613825
137,0.07490439713001251,0.9724936663047412
138,0.08334390074014664,0.9677886355410785
139,0.08176148682832718,0.9688744118711545
140,0.09380201250314713,0.9663409337676439
141,0.08330461382865906,0.9750271444082519
142,0.08346212655305862,0.9695982627578719
143,0.08330626785755157,0.9714078899746652
144,0.07443594932556152,0.9768367716250452
145,0.07840809971094131,0.9735794426348172
146,0.08413243293762207,0.9627216793340572
147,0.0816921815276146,0.9710459645313065
148,0.08354119956493378,0.9735794426348172
149,0.07854844629764557,0.9732175171914585
150,0.07928341627120972,0.9710459645313065
151,0.07368718832731247,0.9757509952949692
152,0.07583104819059372,0.9721317408613825
153,0.081519715487957,0.9677886355410785
154,0.08009769022464752,0.9706840390879479
155,0.0731017217040062,0.9732175171914585
156,0.08054982125759125,0.9710459645313065
157,0.0858701765537262,0.9667028592110025
158,0.08022069931030273,0.9753890698516106
159,0.07154680788516998,0.9735794426348172
160,0.0784192830324173,0.9706840390879479
161,0.0652327612042427,0.9764748461816866
162,0.07492024451494217,0.9735794426348172
163,0.0781913548707962,0.9732175171914585
164,0.08498971164226532,0.9706840390879479
165,0.073928102850914,0.9735794426348172
166,0.07403232157230377,0.9721317408613825
167,0.07212341576814651,0.9746652189648932
168,0.08824430406093597,0.9652551574375678
169,0.07807262986898422,0.9717698154180239
170,0.07129111140966415,0.9724936663047412
171,0.07459115982055664,0.9753890698516106
172,0.06988511234521866,0.9764748461816866
173,0.06686027348041534,0.9757509952949692
174,0.07047413289546967,0.9750271444082519
175,0.07601463794708252,0.9717698154180239
176,0.08034327626228333,0.9699601882012305
177,0.07549755275249481,0.9710459645313065
178,0.0691952258348465,0.9753890698516106
179,0.06742430478334427,0.9743032935215346
180,0.06699250638484955,0.9746652189648932
181,0.07086954265832901,0.9739413680781759
182,0.07820098847150803,0.9703221136445892
183,0.06983086466789246,0.9728555917480999
184,0.0757431909441948,0.9728555917480999
185,0.06573396921157837,0.9797321751719146
186,0.07515939325094223,0.9717698154180239
187,0.07669635862112045,0.9699601882012305
188,0.07594223320484161,0.9735794426348172
189,0.07413395494222641,0.9717698154180239
190,0.06843551248311996,0.9753890698516106
191,0.07125440984964371,0.9717698154180239
192,0.06530530005693436,0.9775606225117626
193,0.07350336015224457,0.9714078899746652
194,0.06584010273218155,0.9779225479551212
195,0.07414299249649048,0.9717698154180239
196,0.06867130845785141,0.9757509952949692
197,0.06854364275932312,0.9728555917480999
198,0.07358144968748093,0.9739413680781759
199,0.07131453603506088,0.9732175171914585
200,0.07559207826852798,0.9692363373145132
201,0.07345344126224518,0.9710459645313065
202,0.07468070834875107,0.9743032935215346
203,0.0627928227186203,0.9779225479551212
204,0.07894633710384369,0.9699601882012305
205,0.07364176958799362,0.9728555917480999
206,0.062310703098773956,0.9800941006152732
207,0.06773725897073746,0.9761129207383279
208,0.06331050395965576,0.9790083242851972
209,0.07297129929065704,0.9743032935215346
210,0.06625695526599884,0.9743032935215346
211,0.06985873728990555,0.9775606225117626
212,0.06193118914961815,0.9782844733984799
213,0.0684412494301796,0.9764748461816866
214,0.055894635617733,0.9793702497285559
215,0.06895437836647034,0.9753890698516106
216,0.06701863557100296,0.9764748461816866
217,0.06428934633731842,0.9764748461816866
218,0.0703197792172432,0.9768367716250452
219,0.07077793776988983,0.9732175171914585
220,0.06489644199609756,0.9768367716250452
221,0.06909772753715515,0.9735794426348172
222,0.06282249838113785,0.9779225479551212
223,0.06746102124452591,0.9764748461816866
224,0.061241600662469864,0.9779225479551212
225,0.06687465310096741,0.9746652189648932
226,0.07985002547502518,0.9677886355410785
227,0.06647920608520508,0.9743032935215346
228,0.06883379817008972,0.9757509952949692
229,0.060649748891592026,0.9786463988418386
230,0.06650148332118988,0.9757509952949692
231,0.06397887319326401,0.9750271444082519
232,0.0686865746974945,0.9761129207383279
233,0.056044887751340866,0.9779225479551212
234,0.06151360273361206,0.9786463988418386
235,0.07252424955368042,0.9706840390879479
236,0.05993889272212982,0.9779225479551212
237,0.061545826494693756,0.9768367716250452
238,0.05706550180912018,0.9800941006152732
239,0.05771868675947189,0.9811798769453492
240,0.05917099490761757,0.9786463988418386
241,0.06148678809404373,0.9790083242851972
242,0.06279515475034714,0.9779225479551212
243,0.06348588317632675,0.9721317408613825
244,0.06407329440116882,0.9761129207383279
245,0.0644320398569107,0.9746652189648932
246,0.06348909437656403,0.9771986970684039
247,0.06149011850357056,0.9800941006152732
248,0.05778830870985985,0.9775606225117626
249,0.058752886950969696,0.9782844733984799
250,0.06796389818191528,0.9782844733984799
251,0.06486079841852188,0.9764748461816866
252,0.06540630757808685,0.9753890698516106
253,0.06122714281082153,0.9782844733984799
254,0.06948710232973099,0.9732175171914585
255,0.0697188749909401,0.9771986970684039
256,0.058187808841466904,0.9815418023887079
257,0.06884519010782242,0.9746652189648932
258,0.06750261038541794,0.9782844733984799
259,0.05678782984614372,0.9804560260586319
260,0.06905858963727951,0.9768367716250452
261,0.06550949066877365,0.9768367716250452
262,0.06943010538816452,0.9753890698516106
263,0.057562462985515594,0.9786463988418386
264,0.06305393576622009,0.9797321751719146
265,0.05445178225636482,0.9800941006152732
266,0.0725606232881546,0.9724936663047412
267,0.055409859865903854,0.9804560260586319
268,0.056980691850185394,0.9793702497285559
269,0.05981132760643959,0.9775606225117626
270,0.06426350027322769,0.9771986970684039
271,0.0687887892127037,0.9743032935215346
272,0.056313447654247284,0.9833514296055013
273,0.061725445091724396,0.9804560260586319
274,0.064604751765728,0.9721317408613825
275,0.06077934056520462,0.9786463988418386
276,0.07007705420255661,0.9728555917480999
277,0.058132681995630264,0.9819037278320666
278,0.05736636370420456,0.9811798769453492
279,0.06340956687927246,0.9764748461816866
280,0.06378663331270218,0.9779225479551212
281,0.06626363843679428,0.9775606225117626
282,0.06259317696094513,0.9771986970684039
283,0.05649664252996445,0.9804560260586319
284,0.06268579512834549,0.9743032935215346
285,0.06859087944030762,0.9724936663047412
286,0.059235602617263794,0.9775606225117626
287,0.06122787669301033,0.9790083242851972
288,0.05776349455118179,0.9815418023887079
289,0.0521891787648201,0.9808179515019906
290,0.06567736715078354,0.9761129207383279
291,0.05025321617722511,0.9815418023887079
292,0.06261251866817474,0.9761129207383279
293,0.06026246398687363,0.9779225479551212
294,0.060569994151592255,0.9797321751719146
295,0.056657616049051285,0.9811798769453492
296,0.062490224838256836,0.9761129207383279
297,0.05633366480469704,0.9779225479551212
298,0.060049884021282196,0.9786463988418386
299,0.0530005544424057,0.9822656532754253
300,0.05561362951993942,0.9840752804922186
301,0.06442763656377792,0.9746652189648932
302,0.05592302605509758,0.9847991313789359
303,0.05300401151180267,0.9840752804922186
304,0.06099095940589905,0.9800941006152732
305,0.05596078187227249,0.9808179515019906
306,0.059577081352472305,0.9819037278320666
307,0.0525146946310997,0.9804560260586319
308,0.05145009234547615,0.9826275787187839
309,0.06348549574613571,0.9779225479551212
310,0.05762360990047455,0.9804560260586319
311,0.06107519939541817,0.9771986970684039
312,0.05539170652627945,0.9822656532754253
313,0.05466640368103981,0.9851610568222946
314,0.06164656952023506,0.9811798769453492
315,0.0503314733505249,0.9858849077090119
316,0.06092837080359459,0.9797321751719146
317,0.06606665998697281,0.9750271444082519
318,0.0640227273106575,0.9775606225117626
319,0.057597190141677856,0.9764748461816866
320,0.05432996526360512,0.9790083242851972
321,0.062463801354169846,0.9750271444082519
322,0.0540337860584259,0.9786463988418386
323,0.05368531867861748,0.9822656532754253
324,0.05489029735326767,0.9819037278320666
325,0.061481114476919174,0.9782844733984799
326,0.05707808956503868,0.9822656532754253
327,0.06102192401885986,0.9808179515019906
328,0.05463249608874321,0.9811798769453492
329,0.05536836385726929,0.9786463988418386
330,0.05378132686018944,0.9804560260586319
331,0.057956185191869736,0.9771986970684039
332,0.050159648060798645,0.9826275787187839
333,0.048514556139707565,0.9819037278320666
334,0.058912020176649094,0.9750271444082519
335,0.05283324420452118,0.9800941006152732
336,0.05679289996623993,0.9847991313789359
337,0.06089433655142784,0.9782844733984799
338,0.05852779000997543,0.9815418023887079
339,0.05846518650650978,0.9797321751719146
340,0.062318649142980576,0.9786463988418386
341,0.06123236194252968,0.9775606225117626
342,0.05332666262984276,0.9840752804922186
343,0.058235254138708115,0.9782844733984799
344,0.06159275025129318,0.9800941006152732
345,0.056237198412418365,0.9822656532754253
346,0.05404528230428696,0.9804560260586319
347,0.06032679229974747,0.9800941006152732
348,0.05372057855129242,0.9808179515019906
349,0.05664520710706711,0.9800941006152732
350,0.05556802451610565,0.9826275787187839
351,0.05693686008453369,0.9815418023887079
352,0.05835822969675064,0.9793702497285559
353,0.05504946783185005,0.9800941006152732
354,0.05511470139026642,0.9822656532754253
355,0.062097467482089996,0.9753890698516106
356,0.057146765291690826,0.9829895041621426
357,0.05143081024289131,0.9829895041621426
358,0.05200587958097458,0.9822656532754253
359,0.052838634699583054,0.9815418023887079
360,0.055984463542699814,0.9804560260586319
361,0.05106133595108986,0.9840752804922186
362,0.058204129338264465,0.9800941006152732
363,0.051679812371730804,0.9844372059355773
364,0.052531056106090546,0.9822656532754253
365,0.054250869899988174,0.9829895041621426
366,0.06072431057691574,0.9779225479551212
367,0.052999552339315414,0.9826275787187839
368,0.05330874025821686,0.9822656532754253
369,0.05921132490038872,0.9779225479551212
370,0.05987284332513809,0.9782844733984799
371,0.06188156455755234,0.9793702497285559
372,0.055485308170318604,0.9829895041621426
373,0.046933069825172424,0.9822656532754253
374,0.05221564322710037,0.9822656532754253
375,0.04959794506430626,0.9840752804922186
376,0.05535544082522392,0.9826275787187839
377,0.05620793253183365,0.9797321751719146
378,0.05272810161113739,0.9822656532754253
379,0.04996001347899437,0.9855229822656533
380,0.05384008213877678,0.9847991313789359
381,0.05287081003189087,0.9851610568222946
382,0.04816536605358124,0.9840752804922186
383,0.059745144098997116,0.9829895041621426
384,0.04915521293878555,0.9822656532754253
385,0.052755918353796005,0.9847991313789359
386,0.0532289519906044,0.9851610568222946
387,0.05721823871135712,0.9808179515019906
388,0.05424762889742851,0.9822656532754253
389,0.06143192946910858,0.9793702497285559
390,0.04707964509725571,0.9833514296055013
391,0.05274704843759537,0.9844372059355773
392,0.05416451394557953,0.9822656532754253
393,0.04566861689090729,0.9847991313789359
394,0.0513787567615509,0.9858849077090119
395,0.055047016590833664,0.9837133550488599
396,0.06185450777411461,0.9779225479551212
397,0.05245000123977661,0.9800941006152732
398,0.05189564451575279,0.9815418023887079
399,0.048876017332077026,0.9819037278320666
400,0.05008178576827049,0.9826275787187839
401,0.04575289785861969,0.9855229822656533
402,0.05608081445097923,0.9782844733984799
403,0.05065537616610527,0.9855229822656533
404,0.051013361662626266,0.9826275787187839
405,0.05287868529558182,0.9811798769453492
406,0.04925613850355148,0.9844372059355773
407,0.05623847246170044,0.9793702497285559
408,0.05267726257443428,0.9804560260586319
409,0.043540872633457184,0.9873326094824466
410,0.05489673838019371,0.9797321751719146
411,0.05069104954600334,0.9819037278320666
412,0.05536496639251709,0.9775606225117626
413,0.058137208223342896,0.9851610568222946
414,0.05725249648094177,0.9779225479551212
415,0.0568915456533432,0.9822656532754253
416,0.06641311198472977,0.9811798769453492
417,0.053823575377464294,0.9815418023887079
418,0.051981739699840546,0.9837133550488599
419,0.05174987018108368,0.9837133550488599
420,0.04751506447792053,0.9862468331523706
421,0.04649696126580238,0.9858849077090119
422,0.05571482703089714,0.9833514296055013
423,0.04367896169424057,0.9887803112558813
424,0.04978431388735771,0.9811798769453492
425,0.053787846118211746,0.9840752804922186
426,0.05263753607869148,0.9862468331523706
427,0.04930629953742027,0.9855229822656533
428,0.04984677582979202,0.9837133550488599
429,0.0572112575173378,0.9797321751719146
430,0.04872012138366699,0.9887803112558813
431,0.048490751534700394,0.9844372059355773
432,0.048427313566207886,0.9869706840390879
433,0.051271773874759674,0.9822656532754253
434,0.050943225622177124,0.9844372059355773
435,0.04604135826230049,0.9851610568222946
436,0.053086429834365845,0.9837133550488599
437,0.05120787024497986,0.9822656532754253
438,0.04668036475777626,0.9855229822656533
439,0.05453522503376007,0.9804560260586319
440,0.05251789838075638,0.9837133550488599
441,0.050535403192043304,0.9826275787187839
442,0.04667021334171295,0.9876945349258053
443,0.05339859426021576,0.9822656532754253
444,0.052900638431310654,0.9815418023887079
445,0.04650900512933731,0.9876945349258053
446,0.05011226609349251,0.9862468331523706
447,0.04856492206454277,0.9862468331523706
448,0.05550127476453781,0.9829895041621426
449,0.05499536544084549,0.9840752804922186
450,0.050968341529369354,0.9829895041621426
451,0.04922942444682121,0.9833514296055013
452,0.049246646463871,0.9855229822656533
453,0.04660583660006523,0.9840752804922186
454,0.05053484067320824,0.9840752804922186
455,0.052240390330553055,0.9826275787187839
456,0.04760944843292236,0.9833514296055013
457,0.04507026448845863,0.9855229822656533
458,0.04812311753630638,0.9844372059355773
459,0.05231019854545593,0.9811798769453492
460,0.04453515261411667,0.9869706840390879
461,0.04987768456339836,0.9819037278320666
462,0.046952586621046066,0.9858849077090119
463,0.04911131039261818,0.9862468331523706
464,0.047593556344509125,0.9862468331523706
465,0.048997074365615845,0.9837133550488599
466,0.04576556012034416,0.9840752804922186
467,0.05101372301578522,0.9851610568222946
468,0.05144105479121208,0.9804560260586319
469,0.04549090936779976,0.9851610568222946
470,0.043579865247011185,0.9866087585957293
471,0.052852362394332886,0.9833514296055013
472,0.04688207805156708,0.9851610568222946
473,0.05818934366106987,0.9793702497285559
474,0.04696137085556984,0.9866087585957293
475,0.05364881828427315,0.9815418023887079
476,0.044638995081186295,0.9869706840390879
477,0.04450608789920807,0.9873326094824466
478,0.050342362374067307,0.9837133550488599
479,0.05686482787132263,0.9844372059355773
480,0.05182862654328346,0.9819037278320666
481,0.04589501768350601,0.9844372059355773
482,0.0445907786488533,0.9862468331523706
483,0.04571898281574249,0.9858849077090119
484,0.05571172386407852,0.9815418023887079
485,0.047568388283252716,0.9844372059355773
486,0.04112032800912857,0.990228013029316
487,0.043531015515327454,0.9866087585957293
488,0.05128275230526924,0.9851610568222946
489,0.0465024895966053,0.9844372059355773
490,0.04501088708639145,0.9862468331523706
491,0.04794370010495186,0.9833514296055013
492,0.051072631031274796,0.9866087585957293
493,0.050203222781419754,0.9833514296055013
494,0.056600913405418396,0.9833514296055013
495,0.05126425623893738,0.9833514296055013
496,0.05161016061902046,0.9815418023887079
497,0.046188317239284515,0.9833514296055013
498,0.0536651648581028,0.9844372059355773
499,0.04765309765934944,0.9833514296055013
500,0.0496976375579834,0.9862468331523706
501,0.04739047959446907,0.9873326094824466
502,0.05677783861756325,0.9826275787187839
503,0.04978778958320618,0.9826275787187839
504,0.04495114088058472,0.9866087585957293
505,0.04996441677212715,0.9866087585957293
506,0.05224825441837311,0.9844372059355773
507,0.058578331023454666,0.9790083242851972
508,0.0486825667321682,0.988056460369164
509,0.0489584356546402,0.9840752804922186
510,0.052888013422489166,0.9851610568222946
511,0.05546808987855911,0.9811798769453492
512,0.044512562453746796,0.9876945349258053
513,0.04459628835320473,0.9847991313789359
514,0.05684199184179306,0.9808179515019906
515,0.04612274840474129,0.9855229822656533
516,0.05483294650912285,0.9840752804922186
517,0.052414558827877045,0.9826275787187839
518,0.05087808892130852,0.9833514296055013
519,0.05119875445961952,0.9862468331523706
520,0.0528690479695797,0.9815418023887079
521,0.04950960725545883,0.9808179515019906
522,0.04670017212629318,0.9844372059355773
523,0.05257200077176094,0.9840752804922186
524,0.05418369919061661,0.9790083242851972
525,0.043672528117895126,0.98914223669924
526,0.04586915299296379,0.9866087585957293
527,0.051692187786102295,0.9847991313789359
528,0.04552550986409187,0.9840752804922186
529,0.047097206115722656,0.9869706840390879
530,0.05106285959482193,0.9837133550488599
531,0.04978740215301514,0.9833514296055013
532,0.04835887998342514,0.9833514296055013
533,0.04950603470206261,0.9840752804922186
534,0.04778395593166351,0.9844372059355773
535,0.04493830353021622,0.9869706840390879
536,0.04513625428080559,0.9869706840390879
537,0.05417105555534363,0.9844372059355773
538,0.048823121935129166,0.9851610568222946
539,0.04924016818404198,0.9826275787187839
540,0.05491204187273979,0.9811798769453492
541,0.047183748334646225,0.9855229822656533
542,0.04921960085630417,0.9847991313789359
543,0.050031691789627075,0.9811798769453492
544,0.04749927297234535,0.9847991313789359
545,0.05073142051696777,0.9844372059355773
546,0.04473733529448509,0.9873326094824466
547,0.047706469893455505,0.9862468331523706
548,0.04820208251476288,0.9851610568222946
549,0.0490778386592865,0.9847991313789359
550,0.04782205447554588,0.9851610568222946
551,0.05528333783149719,0.9844372059355773
552,0.050455641001462936,0.9862468331523706
553,0.05093954876065254,0.9851610568222946
554,0.05021035298705101,0.9847991313789359
555,0.04960194230079651,0.9866087585957293
556,0.04848193749785423,0.9826275787187839
557,0.05158466845750809,0.9840752804922186
558,0.04713302478194237,0.9847991313789359
559,0.052332621067762375,0.988056460369164
560,0.048797495663166046,0.9862468331523706
561,0.05201372876763344,0.9862468331523706
562,0.04521205648779869,0.9866087585957293
563,0.046148985624313354,0.9862468331523706
564,0.05236396566033363,0.9833514296055013
565,0.049809228628873825,0.9847991313789359
566,0.05327552184462547,0.9833514296055013
567,0.05453820526599884,0.9826275787187839
568,0.04427507892251015,0.9862468331523706
569,0.04746100679039955,0.9855229822656533
570,0.04803625866770744,0.9844372059355773
571,0.04895925149321556,0.9840752804922186
572,0.0503055714070797,0.9866087585957293
573,0.04747025668621063,0.9847991313789359
574,0.048220425844192505,0.9855229822656533
575,0.04611518234014511,0.9866087585957293
576,0.04451511800289154,0.9884183858125226
577,0.05126265436410904,0.9847991313789359
578,0.04378962144255638,0.9862468331523706
579,0.046251099556684494,0.9851610568222946
580,0.04517817497253418,0.9876945349258053
581,0.055004727095365524,0.9804560260586319
582,0.04302719607949257,0.9873326094824466
583,0.05380658060312271,0.9847991313789359
584,0.05274529755115509,0.9855229822656533
585,0.05078558996319771,0.9840752804922186
586,0.04755840823054314,0.9855229822656533
587,0.0492476187646389,0.9855229822656533
588,0.04709537327289581,0.9876945349258053
589,0.04856188967823982,0.9837133550488599
590,0.04709979146718979,0.9869706840390879
591,0.050760164856910706,0.9811798769453492
592,0.04432137683033943,0.9866087585957293
593,0.04577042907476425,0.9837133550488599
594,0.046284906566143036,0.9855229822656533
595,0.04131214693188667,0.9887803112558813
596,0.041308507323265076,0.9887803112558813
597,0.04922281578183174,0.9851610568222946
598,0.04395084083080292,0.988056460369164
599,0.04233214631676674,0.98914223669924
600,0.05029001832008362,0.9866087585957293
601,0.04905533418059349,0.9837133550488599
602,0.046936459839344025,0.9855229822656533
603,0.05292493477463722,0.9829895041621426
604,0.046254441142082214,0.9884183858125226
605,0.04782514274120331,0.9855229822656533
606,0.04345201700925827,0.9887803112558813
607,0.04210040718317032,0.9905899384726746
608,0.04380428045988083,0.9887803112558813
609,0.050413746386766434,0.9876945349258053
610,0.0494699664413929,0.9866087585957293
611,0.04097945988178253,0.9876945349258053
612,0.04851091653108597,0.988056460369164
613,0.047072336077690125,0.98914223669924
614,0.03896201029419899,0.991313789359392
615,0.05103910341858864,0.9855229822656533
616,0.0488426648080349,0.9869706840390879
617,0.04627189040184021,0.9855229822656533
618,0.04342664033174515,0.9869706840390879
619,0.04431924223899841,0.9887803112558813
620,0.05013774707913399,0.9855229822656533
621,0.04628479480743408,0.9858849077090119
622,0.05051705613732338,0.9851610568222946
623,0.04188678786158562,0.988056460369164
624,0.050068940967321396,0.9844372059355773
625,0.04297676309943199,0.9876945349258053
626,0.043118055909872055,0.988056460369164
627,0.04718749225139618,0.9862468331523706
628,0.04822094365954399,0.9873326094824466
629,0.04303143545985222,0.9887803112558813
630,0.049970418214797974,0.9862468331523706
631,0.05152665078639984,0.9855229822656533
632,0.04875024035573006,0.9837133550488599
633,0.042015429586172104,0.988056460369164
634,0.0411401093006134,0.9887803112558813
635,0.047222964465618134,0.9866087585957293
636,0.0501505546271801,0.9833514296055013
637,0.04689875245094299,0.9837133550488599
638,0.049221690744161606,0.9858849077090119
639,0.04978365823626518,0.9829895041621426
640,0.04707227647304535,0.9884183858125226
641,0.046309150755405426,0.9866087585957293
642,0.04699909687042236,0.9837133550488599
643,0.046016424894332886,0.9851610568222946
644,0.04586567357182503,0.9847991313789359
645,0.04641485586762428,0.9876945349258053
646,0.043719854205846786,0.9884183858125226
647,0.0495448037981987,0.9819037278320666
648,0.03942975029349327,0.9898660875859573
649,0.04241035878658295,0.988056460369164
650,0.041135597974061966,0.9884183858125226
651,0.04120643809437752,0.990228013029316
652,0.04647800698876381,0.9873326094824466
653,0.04423532634973526,0.9869706840390879
654,0.04488944262266159,0.9851610568222946
655,0.04258522391319275,0.9884183858125226
656,0.052769895642995834,0.9844372059355773
657,0.038935352116823196,0.991313789359392
658,0.045723456889390945,0.9866087585957293
659,0.04349242523312569,0.9876945349258053
660,0.04324888437986374,0.9876945349258053
661,0.04561334103345871,0.9847991313789359
662,0.05417633429169655,0.9844372059355773
663,0.04389386624097824,0.9858849077090119
664,0.03813447058200836,0.990228013029316
665,0.04349181428551674,0.9869706840390879
666,0.04701807722449303,0.9858849077090119
667,0.048350341618061066,0.9862468331523706
668,0.0464138500392437,0.988056460369164
669,0.04191601648926735,0.9884183858125226
670,0.04372495040297508,0.9876945349258053
671,0.039337728172540665,0.990228013029316
672,0.04653000086545944,0.9844372059355773
673,0.04750186577439308,0.9862468331523706
674,0.041924286633729935,0.98914223669924
675,0.048325397074222565,0.9840752804922186
676,0.04322948306798935,0.9876945349258053
677,0.04209112375974655,0.9858849077090119
678,0.04404519498348236,0.9887803112558813
679,0.046496160328388214,0.9873326094824466
680,0.04055951535701752,0.98914223669924
681,0.04892004653811455,0.9847991313789359
682,0.049759864807128906,0.9829895041621426
683,0.0405941903591156,0.9855229822656533
684,0.04531557857990265,0.9884183858125226
685,0.04268314316868782,0.9876945349258053
686,0.04968010261654854,0.9829895041621426
687,0.04429768770933151,0.9869706840390879
688,0.048004090785980225,0.9858849077090119
689,0.05175761878490448,0.9866087585957293
690,0.047829605638980865,0.9855229822656533
691,0.04746896028518677,0.9869706840390879
692,0.04100680723786354,0.9898660875859573
693,0.039647381752729416,0.9887803112558813
694,0.045980945229530334,0.9844372059355773
695,0.051251716911792755,0.9840752804922186
696,0.0520293228328228,0.9862468331523706
697,0.04233482852578163,0.9884183858125226
698,0.04798578843474388,0.9844372059355773
699,0.04423687979578972,0.9851610568222946
700,0.04318742826581001,0.9898660875859573
701,0.04507927969098091,0.9887803112558813
702,0.044987067580223083,0.9862468331523706
703,0.04916800558567047,0.9862468331523706
704,0.050293006002902985,0.9833514296055013
705,0.043908484280109406,0.9898660875859573
706,0.048280250281095505,0.9844372059355773
707,0.047585222870111465,0.9858849077090119
708,0.048306141048669815,0.9862468331523706
709,0.046713411808013916,0.9855229822656533
710,0.04661954939365387,0.9876945349258053
711,0.04191280156373978,0.9887803112558813
712,0.04368618503212929,0.9855229822656533
713,0.040547460317611694,0.991313789359392
714,0.039083920419216156,0.991313789359392
715,0.050606440752744675,0.9829895041621426
716,0.04687083512544632,0.9866087585957293
717,0.04579449072480202,0.988056460369164
718,0.04959734529256821,0.9833514296055013
719,0.04374174028635025,0.9873326094824466
720,0.04788006469607353,0.9862468331523706
721,0.052887432277202606,0.9840752804922186
722,0.04360203072428703,0.9873326094824466
723,0.04239870607852936,0.9909518639160333
724,0.05307510495185852,0.9844372059355773
725,0.048703812062740326,0.9873326094824466
726,0.049652740359306335,0.9840752804922186
727,0.0391070619225502,0.990228013029316
728,0.038429394364356995,0.990228013029316
729,0.04044029489159584,0.9887803112558813
730,0.0387888066470623,0.990228013029316
731,0.05064137652516365,0.9822656532754253
732,0.04516897723078728,0.9866087585957293
733,0.04450248181819916,0.9873326094824466
734,0.04162014275789261,0.988056460369164
735,0.03758038580417633,0.992399565689468
736,0.05104014277458191,0.9847991313789359
737,0.0470893569290638,0.9862468331523706
738,0.0383586585521698,0.98914223669924
739,0.04588140547275543,0.9840752804922186
740,0.03983548656105995,0.988056460369164
741,0.04049326851963997,0.9887803112558813
742,0.054291654378175735,0.9833514296055013
743,0.03896304592490196,0.9895041621425986
744,0.04420311748981476,0.98914223669924
745,0.05002247914671898,0.9840752804922186
746,0.041828613728284836,0.9869706840390879
747,0.04546689614653587,0.98914223669924
748,0.04600615054368973,0.9855229822656533
749,0.04356434941291809,0.9873326094824466
750,0.041464194655418396,0.9876945349258053
751,0.043950796127319336,0.9884183858125226
752,0.044010795652866364,0.9858849077090119
753,0.04001891240477562,0.9887803112558813
754,0.04316037520766258,0.9884183858125226
755,0.04452379792928696,0.9862468331523706
756,0.04639914631843567,0.9869706840390879
757,0.046009767800569534,0.9855229822656533
758,0.03826655447483063,0.9920376402461093
759,0.048255227506160736,0.9876945349258053
760,0.04414020851254463,0.9873326094824466
761,0.047287456691265106,0.9869706840390879
762,0.035651762038469315,0.992399565689468
763,0.036834344267845154,0.9895041621425986
764,0.04833272472023964,0.9869706840390879
765,0.0366036631166935,0.98914223669924
766,0.042862843722105026,0.98914223669924
767,0.042571812868118286,0.9898660875859573
768,0.042412057518959045,0.9862468331523706
769,0.04090499132871628,0.98914223669924
770,0.039200156927108765,0.98914223669924
771,0.04803924635052681,0.9855229822656533
772,0.043682944029569626,0.988056460369164
773,0.047140296548604965,0.9855229822656533
774,0.039572421461343765,0.9898660875859573
775,0.046325065195560455,0.9851610568222946
776,0.04414551332592964,0.988056460369164
777,0.0427851527929306,0.9866087585957293
778,0.042283833026885986,0.9887803112558813
779,0.03881119564175606,0.991313789359392
780,0.04282752797007561,0.9895041621425986
781,0.03512537106871605,0.9905899384726746
782,0.045275840908288956,0.9873326094824466
783,0.041236404329538345,0.9898660875859573
784,0.04376016557216644,0.988056460369164
785,0.05453924834728241,0.9840752804922186
786,0.03974977135658264,0.988056460369164
787,0.04304906725883484,0.9847991313789359
788,0.04484778270125389,0.9862468331523706
789,0.04036005586385727,0.9905899384726746
790,0.044487036764621735,0.9887803112558813
791,0.04703798145055771,0.9876945349258053
792,0.03647994250059128,0.98914223669924
793,0.04201211780309677,0.9869706840390879
794,0.037922054529190063,0.9905899384726746
795,0.03977414220571518,0.9895041621425986
796,0.04132435843348503,0.9884183858125226
797,0.04178861156105995,0.9851610568222946
798,0.03982381150126457,0.98914223669924
799,0.045361217111349106,0.9862468331523706
800,0.040716949850320816,0.98914223669924
801,0.04277365654706955,0.990228013029316
802,0.043898772448301315,0.9876945349258053
803,0.05160559341311455,0.9844372059355773
804,0.03810960054397583,0.9909518639160333
805,0.04200770705938339,0.9905899384726746
806,0.045954491943120956,0.9858849077090119
807,0.041605547070503235,0.9866087585957293
808,0.045220647007226944,0.9862468331523706
809,0.03936855122447014,0.9895041621425986
810,0.042859043926000595,0.9884183858125226
811,0.04089384526014328,0.988056460369164
812,0.04128001257777214,0.9873326094824466
813,0.04042927548289299,0.9876945349258053
814,0.03900589793920517,0.98914223669924
815,0.042922988533973694,0.9873326094824466
816,0.04804728552699089,0.988056460369164
817,0.03695565462112427,0.9916757148027506
818,0.052133411169052124,0.9869706840390879
819,0.04085814207792282,0.98914223669924
820,0.038991060107946396,0.98914223669924
821,0.05072246864438057,0.9840752804922186
822,0.039223138242959976,0.9905899384726746
823,0.04442596808075905,0.988056460369164
824,0.048240602016448975,0.9866087585957293
825,0.0417962409555912,0.9884183858125226
826,0.03980840742588043,0.9884183858125226
827,0.03955421224236488,0.9887803112558813
828,0.044163331389427185,0.9862468331523706
829,0.044343385845422745,0.988056460369164
830,0.036955077201128006,0.98914223669924
831,0.03708568587899208,0.9905899384726746
832,0.051723234355449677,0.9862468331523706
833,0.037382762879133224,0.9920376402461093
834,0.03848250210285187,0.9905899384726746
835,0.04587094485759735,0.9858849077090119
836,0.05174056068062782,0.9855229822656533
837,0.041970375925302505,0.9858849077090119
838,0.04695465788245201,0.9858849077090119
839,0.04880130663514137,0.9855229822656533
840,0.043711528182029724,0.9876945349258053
841,0.04348795488476753,0.9876945349258053
842,0.045715734362602234,0.988056460369164
843,0.04405936971306801,0.9869706840390879
844,0.03755394369363785,0.9920376402461093
845,0.038767922669649124,0.9916757148027506
846,0.04059594124555588,0.98914223669924
847,0.03831164911389351,0.9898660875859573
848,0.04478348046541214,0.988056460369164
849,0.04574944078922272,0.9847991313789359
850,0.04544268548488617,0.9858849077090119
851,0.05337250605225563,0.9855229822656533
852,0.04233435168862343,0.9895041621425986
853,0.04504000395536423,0.9887803112558813
854,0.03925112634897232,0.990228013029316
855,0.03994069620966911,0.9905899384726746
856,0.04272669181227684,0.9909518639160333
857,0.03587067499756813,0.9920376402461093
858,0.04620501771569252,0.9862468331523706
859,0.04213322326540947,0.9873326094824466
860,0.04246443137526512,0.988056460369164
861,0.038389239460229874,0.9905899384726746
862,0.035508379340171814,0.9931234165761853
863,0.0413692370057106,0.9873326094824466
864,0.041535668075084686,0.9887803112558813
865,0.037395454943180084,0.9887803112558813
866,0.03837024047970772,0.9895041621425986
867,0.03845519572496414,0.9898660875859573
868,0.04324577376246452,0.9884183858125226
869,0.040794115513563156,0.9898660875859573
870,0.040252164006233215,0.9887803112558813
871,0.042986512184143066,0.9858849077090119
872,0.04813844710588455,0.9837133550488599
873,0.049843449145555496,0.9855229822656533
874,0.04362380877137184,0.9884183858125226
875,0.046764228492975235,0.9844372059355773
876,0.046027034521102905,0.9866087585957293
877,0.03802730143070221,0.98914223669924
878,0.038571011275053024,0.9876945349258053
879,0.04571937769651413,0.9876945349258053
880,0.04413985460996628,0.9862468331523706
881,0.04333682358264923,0.9873326094824466
882,0.046426888555288315,0.9884183858125226
883,0.03631884977221489,0.9905899384726746
884,0.046554870903491974,0.9869706840390879
885,0.040059223771095276,0.990228013029316
886,0.03851107507944107,0.9876945349258053
887,0.04023515433073044,0.9905899384726746
888,0.04699653387069702,0.9887803112558813
889,0.045671164989471436,0.9858849077090119
890,0.04518398642539978,0.988056460369164
891,0.04028516262769699,0.9895041621425986
892,0.0450211837887764,0.988056460369164
893,0.04206123948097229,0.9866087585957293
894,0.044186729937791824,0.9858849077090119
895,0.037675052881240845,0.9895041621425986
896,0.04006021469831467,0.9895041621425986
897,0.04184186831116676,0.9873326094824466
898,0.040511056780815125,0.988056460369164
899,0.046356867998838425,0.9873326094824466
900,0.04354528710246086,0.9862468331523706
901,0.04256725683808327,0.988056460369164
902,0.04071270301938057,0.9895041621425986
903,0.038934800773859024,0.98914223669924
904,0.03561237454414368,0.9920376402461093
905,0.03845673426985741,0.9905899384726746
906,0.04321964457631111,0.992399565689468
907,0.03817623481154442,0.990228013029316
908,0.041680820286273956,0.9884183858125226
909,0.043840277940034866,0.990228013029316
910,0.039551593363285065,0.9895041621425986
911,0.03864985331892967,0.9905899384726746
912,0.046754781156778336,0.9844372059355773
913,0.03929230943322182,0.9873326094824466
914,0.04000111296772957,0.9905899384726746
915,0.03926625847816467,0.9898660875859573
916,0.039458710700273514,0.9898660875859573
917,0.04426516592502594,0.9869706840390879
918,0.04469570890069008,0.9876945349258053
919,0.03090331144630909,0.9909518639160333
920,0.042126283049583435,0.9869706840390879
921,0.03795911371707916,0.9916757148027506
922,0.03973548859357834,0.9866087585957293
923,0.043145064264535904,0.988056460369164
924,0.04176203906536102,0.9905899384726746
925,0.04158759117126465,0.988056460369164
926,0.03909042850136757,0.988056460369164
927,0.04597112163901329,0.9862468331523706
928,0.037223875522613525,0.990228013029316
929,0.03846060857176781,0.9898660875859573
930,0.039804864674806595,0.988056460369164
931,0.03682813048362732,0.990228013029316
932,0.04540520906448364,0.988056460369164
933,0.04530692473053932,0.9873326094824466
934,0.038038451224565506,0.991313789359392
935,0.03829295560717583,0.9909518639160333
936,0.040272559970617294,0.9873326094824466
937,0.0375542938709259,0.988056460369164
938,0.04284701496362686,0.9873326094824466
939,0.04403604194521904,0.9862468331523706
940,0.037755243480205536,0.9869706840390879
941,0.04144665598869324,0.9887803112558813
942,0.04252741485834122,0.9884183858125226
943,0.03500775620341301,0.9916757148027506
944,0.04276163503527641,0.9887803112558813
945,0.04115726053714752,0.9884183858125226
946,0.04508720710873604,0.9873326094824466
947,0.046500250697135925,0.9873326094824466
948,0.0409739725291729,0.990228013029316
949,0.03666137531399727,0.9898660875859573
950,0.04030487686395645,0.9876945349258053
951,0.04249138757586479,0.9869706840390879
952,0.044980376958847046,0.9844372059355773
953,0.043146245181560516,0.9866087585957293
954,0.04131133109331131,0.9876945349258053
955,0.044435299932956696,0.9876945349258053
956,0.044863708317279816,0.9887803112558813
957,0.03918560966849327,0.9887803112558813
958,0.04125869274139404,0.9905899384726746
959,0.040256790816783905,0.9895041621425986
960,0.04210224747657776,0.9862468331523706
961,0.0357116274535656,0.9898660875859573
962,0.041785694658756256,0.988056460369164
963,0.04801413416862488,0.9851610568222946
964,0.03782714530825615,0.9905899384726746
965,0.0429130494594574,0.988056460369164
966,0.044639479368925095,0.9876945349258053
967,0.037787310779094696,0.9909518639160333
968,0.04402294009923935,0.9866087585957293
969,0.03347724676132202,0.9927614911328266
970,0.044721171259880066,0.9876945349258053
971,0.038110051304101944,0.990228013029316
972,0.0388852097094059,0.9887803112558813
973,0.03458172455430031,0.9920376402461093
974,0.034641169011592865,0.9920376402461093
975,0.04224751889705658,0.9876945349258053
976,0.03671912103891373,0.9916757148027506
977,0.03860333189368248,0.9895041621425986
978,0.038763098418712616,0.9905899384726746
979,0.03974311426281929,0.9898660875859573
980,0.03906336799263954,0.98914223669924
981,0.034781891852617264,0.9909518639160333
982,0.04299896955490112,0.9858849077090119
983,0.04186277836561203,0.98914223669924
984,0.03878765553236008,0.990228013029316
985,0.04410158097743988,0.9866087585957293
986,0.03394569456577301,0.9920376402461093
987,0.0364401638507843,0.9909518639160333
988,0.03937610611319542,0.9884183858125226
989,0.03709237277507782,0.9909518639160333
990,0.03703940287232399,0.9898660875859573
991,0.03849754482507706,0.990228013029316
992,0.036328695714473724,0.9898660875859573
993,0.03764018043875694,0.98914223669924
994,0.040209073573350906,0.98914223669924
995,0.03793793544173241,0.9887803112558813
996,0.03567763790488243,0.98914223669924
997,0.04412446916103363,0.9851610568222946
998,0.04027307778596878,0.9898660875859573
999,0.038966357707977295,0.9887803112558813
1000,0.04010554403066635,0.9895041621425986
1,1.147547721862793,0.14597441685477802
2,1.1455241441726685,0.14986951500417936
3,1.1321724653244019,0.40109725441145816
4,1.0993695259094238,0.2071489361702128
5,1.087823510169983,0.18510786360473208
6,1.0925718545913696,0.18510786360473208
7,1.0876832008361816,0.18510786360473208
8,1.0779259204864502,0.2203734325478848
9,1.0541936159133911,0.42336847455547666
10,1.0193138122558594,0.4538938938938939
11,0.9941083788871765,0.5590802987861812
12,0.9615996479988098,0.655698076229517
13,0.919582188129425,0.6665891083736989
14,0.8655705451965332,0.6452515717312286
15,0.8146451711654663,0.6010842976888565
16,0.7552425861358643,0.5752873563218391
17,0.6884512305259705,0.5340490992664906
18,0.6468504071235657,0.5689906335026848
19,0.6045694947242737,0.637942650915816
20,0.5272883176803589,0.6592048093708106
21,0.505874514579773,0.6781363566637381
22,0.4700142741203308,0.6855911616917906
23,0.41685789823532104,0.6837819382643495
24,0.3868589699268341,0.6559501250974119
25,0.33745476603507996,0.6594096907919708
26,0.33508139848709106,0.6661471861471862
27,0.2932717800140381,0.6746552992709175
28,0.2867412269115448,0.666520229919067
29,0.30973464250564575,0.6526365892689672
30,0.28023648262023926,0.6633858205286777
31,0.2711239159107208,0.6540728903663385
32,0.26263347268104553,0.6452762354415856
33,0.24321430921554565,0.6434241202251855
34,0.24576084315776825,0.6588551553880021
35,0.23960049450397491,0.6624783036622753
36,0.21877573430538177,0.6650212115540582
37,0.21732790768146515,0.6608484916922464
38,0.22288984060287476,0.6553456055491759
39,0.2230943739414215,0.6522108593958555
40,0.20887325704097748,0.6546395522007935
41,0.22531937062740326,0.6557335132131662
42,0.2074975222349167,0.6506573239906573
43,0.2398344725370407,0.6453734443394467
44,0.20770731568336487,0.6384649067759974
45,0.21864202618598938,0.634367868024421
46,0.2020503282546997,0.6425199651604343
47,0.19671952724456787,0.6428703191293119
48,0.1941899210214615,0.632857235445122
49,0.19734850525856018,0.6388334509001027
50,0.18368840217590332,0.6456752341944831
51,0.20047378540039062,0.6289353901269923
52,0.21311204135417938,0.6101840023308456
53,0.20342330634593964,0.6249569872266459
54,0.17817765474319458,0.6308990992688729
55,0.19195495545864105,0.6361546568193507
56,0.20147861540317535,0.6457359511799736
57,0.17632338404655457,0.6321407535704496
58,0.16954031586647034,0.6321151187138141
59,0.17093868553638458,0.6294989155728731
60,0.2053385078907013,0.6292225162924386
61,0.19092150032520294,0.6426954177897574
62,0.1639249175786972,0.6306215290086258
63,0.16343431174755096,0.6402673350041771
64,0.18733513355255127,0.6403106490697731
65,0.18071772158145905,0.6428873965231384
66,0.16520586609840393,0.6401012218622282
67,0.167056605219841,0.6401012218622282
68,0.16523411870002747,0.6443568474041274
69,0.17112819850444794,0.6404827861765575
70,0.17987990379333496,0.6279863926922751
71,0.1738143414258957,0.6243308820985284
72,0.16973544657230377,0.6249282459494548
73,0.15529765188694,0.6166532735360235
74,0.1724734902381897,0.6180449658260255
75,0.15205222368240356,0.619318260099354
76,0.16818933188915253,0.6277901413078765
77,0.15121613442897797,0.6214516777493877
78,0.16557787358760834,0.612273019714036
79,0.15974122285842896,0.6234763697650653
80,0.15340328216552734,0.6134623200282491
81,0.16117006540298462,0.623900702030058
82,0.1571645587682724,0.6240429505135388
83,0.167758047580719,0.6135496435702871
84,0.1745913177728653,0.6175830627816458
85,0.16867080330848694,0.6290380864692546
86,0.14717480540275574,0.6249707828348866
87,0.17218951880931854,0.6247296628421856
88,0.1619424670934677,0.6305586142032128
89,0.15670017898082733,0.6301729352590714
90,0.14964650571346283,0.6298518953422303
91,0.1495969593524933,0.6274526852737443
92,0.14760051667690277,0.6335790719551936
93,0.15267331898212433,0.628137906913858
94,0.15166766941547394,0.6221136386248755
95,0.15501117706298828,0.6248052095486568
96,0.15613624453544617,0.6241599435524668
97,0.15186898410320282,0.624139459424176
98,0.15180642902851105,0.6273082739396033
99,0.14542555809020996,0.6248052095486568
100,0.15446771681308746,0.6172846111908203
101,0.14158646762371063,0.6120884616758585
102,0.15315265953540802,0.6037069568060964
103,0.14855322241783142,0.6067429871460245
104,0.1514762043952942,0.6067429871460245
105,0.15717917680740356,0.6066732606264525
106,0.1471274197101593,0.6144481655234343
107,0.13943330943584442,0.6230813773414671
108,0.1344640702009201,0.6224080267558528
109,0.16070693731307983,0.6160491823549414
110,0.13935299217700958,0.616262801139113
111,0.1454404592514038,0.6134094912720868
112,0.15501126646995544,0.5999052418486454
113,0.13715852797031403,0.6023925083619116
114,0.1489202380180359,0.6094711676249286
115,0.14976513385772705,0.6005601749247426
116,0.14779303967952728,0.5940402593956103
117,0.15045584738254547,0.6028796175854999
118,0.14180512726306915,0.6022727272727272
119,0.1522669792175293,0.6032941542634687
120,0.14216162264347076,0.609932494070425
121,0.15143775939941406,0.600640551860064
122,0.1345817893743515,0.6001621468198971
1,1.1377500295639038,0.15665902724726252
2,1.1519643068313599,0.20048948192081653
3,1.119620680809021,0.18510786360473208
4,1.0836313962936401,0.18510786360473208
5,1.0598087310791016,0.3405013662825234
6,1.0362871885299683,0.46226226226226225
7,0.9930706024169922,0.4661224489795918
8,0.9274335503578186,0.4688967136150235
9,0.860827624797821,0.4717494089834515
10,0.8077021241188049,0.4689617554711847
11,0.7512194514274597,0.5767806661423683
12,0.7047104239463806,0.5963662586182638
13,0.6811821460723877,0.5926693819974346
14,0.6328897476196289,0.6335404461802474
15,0.615544855594635,0.6192931793179318
16,0.5941773653030396,0.5896301547914451
17,0.5421528816223145,0.6285327118093833
18,0.5299792885780334,0.6613503613503613
19,0.4980265200138092,0.6693783521211042
20,0.4805457592010498,0.6232200899393702
21,0.4478367269039154,0.5947310232694898
22,0.44088423252105713,0.6348519598070804
23,0.3968934416770935,0.6831502539784847
24,0.41058534383773804,0.6785679219619132
25,0.3947429656982422,0.6344925971945061
26,0.3822028636932373,0.6156241233010924
27,0.367623507976532,0.6363601023795199
28,0.35421741008758545,0.6644276253547777
29,0.35097572207450867,0.6675440739435926
30,0.33352068066596985,0.6549646930142032
31,0.31755319237709045,0.6317524798480553
32,0.3426058292388916,0.6422010108584671
33,0.3156674802303314,0.6398944286875321
34,0.28717124462127686,0.6331441186577271
35,0.2936505973339081,0.640439512733019
36,0.3028333783149719,0.6300888972736264
37,0.29839715361595154,0.6341913651266927
38,0.2882612347602844,0.647722686502237
39,0.2820977568626404,0.6406312113379345
40,0.25704288482666016,0.6363428499837332
41,0.2793085277080536,0.6188411866193503
42,0.2862566411495209,0.6073144169948681
43,0.2716403305530548,0.6031303200593411
44,0.2842460870742798,0.607796802931699
45,0.2708436846733093,0.6242669717679353
46,0.2606986463069916,0.6320819112627986
47,0.2616100013256073,0.6305735599853247
48,0.2538459300994873,0.6305735599853247
49,0.24318379163742065,0.6143066919539225
50,0.25557050108909607,0.6105678447326045
51,0.2551909387111664,0.6126480227931469
52,0.2525070309638977,0.6181366017197257
53,0.25853464007377625,0.6069586308716743
54,0.2276749163866043,0.626406015347241
55,0.23588880896568298,0.6229798975167521
56,0.22947175800800323,0.6173833342086665
57,0.2180754840373993,0.6114030908010276
58,0.23399654030799866,0.5983371788269419
59,0.2312174141407013,0.5927337575522956
60,0.22628240287303925,0.5959455885775369
61,0.22068895399570465,0.5913053374302947
62,0.21823595464229584,0.5942572206158
63,0.2220412790775299,0.5950762621642298
64,0.21112965047359467,0.5912325128971396
65,0.21887613832950592,0.5876592752653873
66,0.20364177227020264,0.5961214952281554
67,0.20983026921749115,0.5975512027265321
68,0.2083241492509842,0.5918868899575124
69,0.20345130562782288,0.5939530531822621
70,0.21850575506687164,0.5966290359093956
71,0.2185644507408142,0.5985163627594448
72,0.20499224960803986,0.5985163627594448
73,0.20144715905189514,0.5955391640323148
74,0.20785494148731232,0.5928058558936105
75,0.19897320866584778,0.5896802211735427
76,0.18892253935337067,0.5896169265337623
77,0.19470088183879852,0.5992951144778303
78,0.19946591556072235,0.6015377292530671
79,0.19913208484649658,0.5996239384397279
80,0.18189887702465057,0.5995329460535647
81,0.1935541331768036,0.5995329460535647
82,0.19143366813659668,0.6025489798461976
83,0.19036369025707245,0.599174080541005
84,0.1895626187324524,0.5929383450179365
85,0.1920473277568817,0.5943263855885216
86,0.1895107477903366,0.5881316244493185
87,0.20600800216197968,0.5928353802847378
88,0.17990143597126007,0.5953265700959678
89,0.18675054609775543,0.591691995947315
90,0.1838187724351883,0.5851901251012986
91,0.1870861053466797,0.5920396710050023
92,0.17993324995040894,0.5875573211702102
93,0.18214885890483856,0.5847038327526132
94,0.17359155416488647,0.5801489863943158
95,0.1711064875125885,0.5799731962926716
96,0.17744432389736176,0.5914125948857447
97,0.1832275539636612,0.593809912808629
98,0.17214855551719666,0.585955289620211
99,0.17495334148406982,0.585955289620211
100,0.17041319608688354,0.5834880033977695
101,0.17126071453094482,0.5698137290287076
102,0.16608521342277527,0.5678084783609183
103,0.1629963219165802,0.566361599565483
104,0.181317538022995,0.564008814306297
105,0.16046033799648285,0.5629392152444038
106,0.1676880270242691,0.5660599341202893
107,0.16037756204605103,0.5675709358961786
108,0.15231715142726898,0.5605086731019898
109,0.15982060134410858,0.5668910767594979
110,0.1561054289340973,0.5624821701851588
111,0.1576380431652069,0.5658276861863922
112,0.16308151185512543,0.5660020753206543
113,0.17588137090206146,0.562019859477039
114,0.16582602262496948,0.5556082849664277
115,0.16898243129253387,0.5556082849664277
116,0.15052108466625214,0.5530959747836581
117,0.15292046964168549,0.5621405228758171
118,0.1419384777545929,0.5653774680603948
119,0.1568201780319214,0.5741209237001438
120,0.16284409165382385,0.5745579296449372
121,0.1497834324836731,0.5711299499654715
122,0.1431495100259781,0.5718198569931817
123,0.15699593722820282,0.5692862788463925
1,1.105845332145691,0.14597441685477802
2,1.1053606271743774,0.14597441685477802
3,1.1035798788070679,0.15931602544051715
4,1.0991275310516357,0.3023689405571397
5,1.0936607122421265,0.18510786360473208
6,1.0873221158981323,0.18510786360473208
7,1.0793542861938477,0.18510786360473208
8,1.0713026523590088,0.18510786360473208
9,1.061244249343872,0.18510786360473208
10,1.0438485145568848,0.2855715427657874
11,1.0198007822036743,0.45100117176730076
12,0.9849104285240173,0.4875160076677723
13,0.9415978789329529,0.4941586870507808
14,0.8912039995193481,0.50287922705314
15,0.8418681621551514,0.508105575753352
16,0.7793217301368713,0.5138342282101048
17,0.7224587202072144,0.5266928104575163
18,0.6609288454055786,0.5557535445600558
19,0.607301652431488,0.5754409841070062
20,0.5532090067863464,0.5997773906310492
21,0.4969460666179657,0.6570425171706177
22,0.4460173547267914,0.6905328937849263
23,0.3899959921836853,0.7061880207225841
24,0.3436138927936554,0.7135980104805045
25,0.3023620545864105,0.7082100595893698
26,0.25885310769081116,0.7059222187467418
27,0.22973066568374634,0.7013870253722766
28,0.18962542712688446,0.7091510920196082
29,0.17000819742679596,0.6970120682480233
30,0.1604890674352646,0.6928401662499682
31,0.1339564174413681,0.673448630538846
32,0.12201909720897675,0.6674579616221946
33,0.11063370853662491,0.6524959742351047
34,0.09572827070951462,0.658175616515838
35,0.08575139194726944,0.6700953956093608
36,0.07127541303634644,0.6511677328442212
37,0.07132165133953094,0.6581963692116551
38,0.058655958622694016,0.6531470179402311
39,0.05828285962343216,0.6622252747252748
40,0.04561702162027359,0.6582111152970641
41,0.04785696789622307,0.6610319530201733
42,0.048083819448947906,0.6643406358791489
43,0.04306207224726677,0.6498553765692865
44,0.045030683279037476,0.661945410423107
45,0.03195962309837341,0.6566220969609579
46,0.0356564000248909,0.6453523599158361
47,0.037367090582847595,0.6454783315370906
48,0.03380083665251732,0.6385299532784289
49,0.02741832099854946,0.6375439748411006
50,0.028996478766202927,0.6417819857987541
51,0.030840152874588966,0.6397307068535948
52,0.021691596135497093,0.6315289648622983
53,0.02287479117512703,0.6343104933321453
54,0.023980826139450073,0.6334785334785334
55,0.018957121297717094,0.6404870097294985
56,0.023908836767077446,0.6382415730321617
57,0.017434896901249886,0.6295538505257176
58,0.01905158907175064,0.6273913294767316
59,0.01950141228735447,0.6197104503668176
60,0.01921374537050724,0.6333653951983768
61,0.015948636457324028,0.6402673055256348
62,0.014010896906256676,0.6369483616951082
63,0.010629961267113686,0.6421725412960265
64,0.014826847240328789,0.640132397228859
65,0.014703813008964062,0.6356008598571528
66,0.01705927960574627,0.6328212554907068
67,0.013896194286644459,0.6387623648493214
68,0.013040891848504543,0.6437419855304193
69,0.012767232023179531,0.6318996321120466
70,0.012007968500256538,0.6294548538823347
71,0.010752543807029724,0.6272237291078477
72,0.010389787144958973,0.6444674339411182
73,0.011836452409625053,0.6381080110915713
74,0.012052248232066631,0.6408885796221323
75,0.012402825057506561,0.6408885796221323
76,0.013092314824461937,0.6472616572616573
77,0.010459676384925842,0.641338061128166
78,0.008549916557967663,0.6377317031711878
79,0.0096975639462471,0.6377317031711878
80,0.00875642616301775,0.6381821953113528
81,0.0071876621805131435,0.6379829223618596
82,0.005903306882828474,0.6413357313357314
83,0.00992599781602621,0.6413357313357314
84,0.010102303698658943,0.6420999451852447
85,0.012453403323888779,0.6337219058995464
86,0.006898211780935526,0.636998578200121
87,0.00715786125510931,0.64335232668566
88,0.010130403563380241,0.6435681634097578
89,0.00790764857083559,0.6435681634097578
90,0.010508289560675621,0.6275965923853247
91,0.010945158079266548,0.6297500524599762
92,0.006198167335242033,0.6322312542985226
93,0.005957638379186392,0.6352615573288255
94,0.007648255676031113,0.6421532665807475
95,0.008269110694527626,0.6342095420219308
96,0.006717326119542122,0.6342095420219308
97,0.010364382527768612,0.639943183531999
98,0.008952569216489792,0.6299376869895247
99,0.007750336546450853,0.6354907229939338
100,0.009101465344429016,0.638135101769227
101,0.006223567295819521,0.6402982296435442
102,0.00794332753866911,0.635006731885669
103,0.008331415243446827,0.6356906904323589
104,0.005693015642464161,0.6392023881981277
105,0.008341292850673199,0.6395650309588046
106,0.006358937360346317,0.6422279668725166
107,0.008861074224114418,0.6452163247296434
108,0.0041409870609641075,0.6424134626653706
109,0.006928534246981144,0.6427412144067334
110,0.01645352691411972,0.6369592829425589
111,0.005166737828403711,0.6451707708366553
112,0.0039260913617908955,0.6498293299512783
113,0.007521902211010456,0.6526330323090571
114,0.006473090965300798,0.6526330323090571
115,0.0072390614077448845,0.6493783993783994
116,0.006573319435119629,0.6553904504652502
117,0.006614369340240955,0.6505869625659008
118,0.009065894410014153,0.6507043241595563
119,0.0035027230624109507,0.6509653732210865
120,0.005064332392066717,0.6477335388083733
121,0.007176563143730164,0.6503573400434387
122,0.00776298251003027,0.6503573400434387
123,0.003496628487482667,0.6504764751210249
124,0.005571454297751188,0.6449904543775568
