combo_id,fold,val_auc,hp_d,hp_d_prime,hp_K,hp_dropout,hp_dropout_gnn,hp_lr,hp_wd,hp_epochs,hp_hidden,hp_label_smoothing,hp_warmup
0,0,0.756,128,128,3,0.5,0.5,0.001,0.0001,1000,64,0.0,10
0,1,0.7492,128,128,3,0.5,0.5,0.001,0.0001,1000,64,0.0,10
0,2,0.7621,128,128,3,0.5,0.5,0.001,0.0001,1000,64,0.0,10
0,3,0.7708,128,128,3,0.5,0.5,0.001,0.0001,1000,64,0.0,10
0,4,0.7128,128,128,3,0.5,0.5,0.001,0.0001,1000,64,0.0,10
1,0,0.6075,32,128,4,0.5,0.1,0.001,0.0001,1000,128,0.1,0
1,1,0.6524,32,128,4,0.5,0.1,0.001,0.0001,1000,128,0.1,0
1,2,0.6563,32,128,4,0.5,0.1,0.001,0.0001,1000,128,0.1,0
1,3,0.6563,32,128,4,0.5,0.1,0.001,0.0001,1000,128,0.1,0
1,4,0.7023,32,128,4,0.5,0.1,0.001,0.0001,1000,128,0.1,0
2,0,0.7607,128,64,3,0.5,0.1,0.001,0.0001,300,32,0.0,0
2,1,0.8228,128,64,3,0.5,0.1,0.001,0.0001,300,32,0.0,0
2,2,0.7996,128,64,3,0.5,0.1,0.001,0.0001,300,32,0.0,0
2,3,0.7927,128,64,3,0.5,0.1,0.001,0.0001,300,32,0.0,0
2,4,0.7249,128,64,3,0.5,0.1,0.001,0.0001,300,32,0.0,0
3,0,0.8899,128,32,6,0.1,0.1,0.001,0.0001,600,64,0.1,0
3,1,0.868,128,32,6,0.1,0.1,0.001,0.0001,600,64,0.1,0
3,2,0.8551,128,32,6,0.1,0.1,0.001,0.0001,600,64,0.1,0
3,3,0.911,128,32,6,0.1,0.1,0.001,0.0001,600,64,0.1,0
3,4,0.8707,128,32,6,0.1,0.1,0.001,0.0001,600,64,0.1,0
4,0,0.7445,64,128,6,0.5,0.1,0.001,0.0001,400,128,0.0,0
4,1,0.5266,64,128,6,0.5,0.1,0.001,0.0001,400,128,0.0,0
4,2,0.784,64,128,6,0.5,0.1,0.001,0.0001,400,128,0.0,0
4,3,0.5424,64,128,6,0.5,0.1,0.001,0.0001,400,128,0.0,0
4,4,0.6284,64,128,6,0.5,0.1,0.001,0.0001,400,128,0.0,0
5,0,0.8308,32,128,5,0.1,0.1,0.005,0.0001,500,128,0.0,0
5,1,0.8313,32,128,5,0.1,0.1,0.005,0.0001,500,128,0.0,0
5,2,0.8487,32,128,5,0.1,0.1,0.005,0.0001,500,128,0.0,0
5,3,0.8855,32,128,5,0.1,0.1,0.005,0.0001,500,128,0.0,0
5,4,0.8341,32,128,5,0.1,0.1,0.005,0.0001,500,128,0.0,0
6,0,0.8538,64,128,5,0.1,0.5,0.005,0.0001,400,32,0.0,10
6,1,0.8415,64,128,5,0.1,0.5,0.005,0.0001,400,32,0.0,10
6,2,0.8724,64,128,5,0.1,0.5,0.005,0.0001,400,32,0.0,10
6,3,0.8024,64,128,5,0.1,0.5,0.005,0.0001,400,32,0.0,10
6,4,0.9151,64,128,5,0.1,0.5,0.005,0.0001,400,32,0.0,10
7,0,0.8893,64,32,5,0.1,0.1,0.001,0.0001,500,64,0.0,0
7,1,0.8697,64,32,5,0.1,0.1,0.001,0.0001,500,64,0.0,0
7,2,0.8931,64,32,5,0.1,0.1,0.001,0.0001,500,64,0.0,0
7,3,0.8803,64,32,5,0.1,0.1,0.001,0.0001,500,64,0.0,0
7,4,0.8131,64,32,5,0.1,0.1,0.001,0.0001,500,64,0.0,0
8,0,0.8222,64,64,1,0.5,0.1,0.001,0.0001,300,32,0.1,10
8,1,0.786,64,64,1,0.5,0.1,0.001,0.0001,300,32,0.1,10
8,2,0.7577,64,64,1,0.5,0.1,0.001,0.0001,300,32,0.1,10
8,3,0.6426,64,64,1,0.5,0.1,0.001,0.0001,300,32,0.1,10
8,4,0.7954,64,64,1,0.5,0.1,0.001,0.0001,300,32,0.1,10
9,0,0.5692,64,64,3,0.5,0.1,0.001,0.0001,700,64,0.0,10
9,1,0.7327,64,64,3,0.5,0.1,0.001,0.0001,700,64,0.0,10
9,2,0.6922,64,64,3,0.5,0.1,0.001,0.0001,700,64,0.0,10
9,3,0.6566,64,64,3,0.5,0.1,0.001,0.0001,700,64,0.0,10
9,4,0.7133,64,64,3,0.5,0.1,0.001,0.0001,700,64,0.0,10
10,0,0.8627,32,128,2,0.1,0.5,0.001,0.0001,500,128,0.0,0
10,1,0.7867,32,128,2,0.1,0.5,0.001,0.0001,500,128,0.0,0
10,2,0.8509,32,128,2,0.1,0.5,0.001,0.0001,500,128,0.0,0
10,3,0.8965,32,128,2,0.1,0.5,0.001,0.0001,500,128,0.0,0
10,4,0.8472,32,128,2,0.1,0.5,0.001,0.0001,500,128,0.0,0
11,0,0.5998,32,64,1,0.5,0.1,0.001,0.0001,600,64,0.1,10
11,1,0.6679,32,64,1,0.5,0.1,0.001,0.0001,600,64,0.1,10
11,2,0.6259,32,64,1,0.5,0.1,0.001,0.0001,600,64,0.1,10
11,3,0.7158,32,64,1,0.5,0.1,0.001,0.0001,600,64,0.1,10
11,4,0.5203,32,64,1,0.5,0.1,0.001,0.0001,600,64,0.1,10
12,0,0.6916,128,64,1,0.5,0.1,0.005,0.0001,300,64,0.0,10
12,1,0.7268,128,64,1,0.5,0.1,0.005,0.0001,300,64,0.0,10
12,2,0.7507,128,64,1,0.5,0.1,0.005,0.0001,300,64,0.0,10
12,3,0.7992,128,64,1,0.5,0.1,0.005,0.0001,300,64,0.0,10
12,4,0.7037,128,64,1,0.5,0.1,0.005,0.0001,300,64,0.0,10
13,0,0.8466,32,128,4,0.1,0.1,0.001,0.0001,500,32,0.1,0
13,1,0.8374,32,128,4,0.1,0.1,0.001,0.0001,500,32,0.1,0
13,2,0.8503,32,128,4,0.1,0.1,0.001,0.0001,500,32,0.1,0
13,3,0.8282,32,128,4,0.1,0.1,0.001,0.0001,500,32,0.1,0
13,4,0.8425,32,128,4,0.1,0.1,0.001,0.0001,500,32,0.1,0
14,0,0.6943,128,128,5,0.5,0.5,0.005,0.0001,600,64,0.1,0
14,1,0.6955,128,128,5,0.5,0.5,0.005,0.0001,600,64,0.1,0
14,2,0.7048,128,128,5,0.5,0.5,0.005,0.0001,600,64,0.1,0
14,3,0.6251,128,128,5,0.5,0.5,0.005,0.0001,600,64,0.1,0
14,4,0.7722,128,128,5,0.5,0.5,0.005,0.0001,600,64,0.1,0
15,0,0.5083,32,128,6,0.5,0.5,0.005,0.0001,400,64,0.0,0
15,1,0.704,32,128,6,0.5,0.5,0.005,0.0001,400,64,0.0,0
15,2,0.5485,32,128,6,0.5,0.5,0.005,0.0001,400,64,0.0,0
15,3,0.5796,32,128,6,0.5,0.5,0.005,0.0001,400,64,0.0,0
15,4,0.4892,32,128,6,0.5,0.5,0.005,0.0001,400,64,0.0,0
16,0,0.868,128,32,5,0.1,0.5,0.001,0.0001,400,128,0.0,10
16,1,0.909,128,32,5,0.1,0.5,0.001,0.0001,400,128,0.0,10
16,2,0.8989,128,32,5,0.1,0.5,0.001,0.0001,400,128,0.0,10
16,3,0.9048,128,32,5,0.1,0.5,0.001,0.0001,400,128,0.0,10
16,4,0.8697,128,32,5,0.1,0.5,0.001,0.0001,400,128,0.0,10
17,0,0.8079,32,64,4,0.1,0.5,0.001,0.0001,1000,32,0.0,0
17,1,0.8831,32,64,4,0.1,0.5,0.001,0.0001,1000,32,0.0,0
17,2,0.8817,32,64,4,0.1,0.5,0.001,0.0001,1000,32,0.0,0
17,3,0.9055,32,64,4,0.1,0.5,0.001,0.0001,1000,32,0.0,0
17,4,0.8727,32,64,4,0.1,0.5,0.001,0.0001,1000,32,0.0,0
18,0,0.7279,32,128,4,0.5,0.5,0.001,0.0001,500,128,0.0,0
18,1,0.7366,32,128,4,0.5,0.5,0.001,0.0001,500,128,0.0,0
18,2,0.5352,32,128,4,0.5,0.5,0.001,0.0001,500,128,0.0,0
18,3,0.5082,32,128,4,0.5,0.5,0.001,0.0001,500,128,0.0,0
18,4,0.808,32,128,4,0.5,0.5,0.001,0.0001,500,128,0.0,0
19,0,0.846,128,32,5,0.5,0.1,0.001,0.0001,300,128,0.1,10
19,1,0.7621,128,32,5,0.5,0.1,0.001,0.0001,300,128,0.1,10
19,2,0.6968,128,32,5,0.5,0.1,0.001,0.0001,300,128,0.1,10
19,3,0.7804,128,32,5,0.5,0.1,0.001,0.0001,300,128,0.1,10
19,4,0.8177,128,32,5,0.5,0.1,0.001,0.0001,300,128,0.1,10
20,0,0.6754,64,64,3,0.5,0.1,0.005,0.0001,700,128,0.1,0
20,1,0.6553,64,64,3,0.5,0.1,0.005,0.0001,700,128,0.1,0
20,2,0.8017,64,64,3,0.5,0.1,0.005,0.0001,700,128,0.1,0
20,3,0.7178,64,64,3,0.5,0.1,0.005,0.0001,700,128,0.1,0
20,4,0.7745,64,64,3,0.5,0.1,0.005,0.0001,700,128,0.1,0
21,0,0.7411,128,32,5,0.5,0.1,0.005,0.0001,200,128,0.0,10
21,1,0.6304,128,32,5,0.5,0.1,0.005,0.0001,200,128,0.0,10
21,2,0.7189,128,32,5,0.5,0.1,0.005,0.0001,200,128,0.0,10
21,3,0.6989,128,32,5,0.5,0.1,0.005,0.0001,200,128,0.0,10
21,4,0.7481,128,32,5,0.5,0.1,0.005,0.0001,200,128,0.0,10
22,0,0.7822,32,32,1,0.1,0.1,0.001,0.0001,300,64,0.0,0
22,1,0.8453,32,32,1,0.1,0.1,0.001,0.0001,300,64,0.0,0
22,2,0.8373,32,32,1,0.1,0.1,0.001,0.0001,300,64,0.0,0
22,3,0.7525,32,32,1,0.1,0.1,0.001,0.0001,300,64,0.0,0
22,4,0.7051,32,32,1,0.1,0.1,0.001,0.0001,300,64,0.0,0
23,0,0.8514,64,64,1,0.1,0.5,0.005,0.0001,300,128,0.0,10
23,1,0.8809,64,64,1,0.1,0.5,0.005,0.0001,300,128,0.0,10
23,2,0.7784,64,64,1,0.1,0.5,0.005,0.0001,300,128,0.0,10
23,3,0.8668,64,64,1,0.1,0.5,0.005,0.0001,300,128,0.0,10
23,4,0.8861,64,64,1,0.1,0.5,0.005,0.0001,300,128,0.0,10
24,0,0.748,32,32,1,0.5,0.1,0.001,0.0001,300,32,0.1,10
24,1,0.5602,32,32,1,0.5,0.1,0.001,0.0001,300,32,0.1,10
24,2,0.7769,32,32,1,0.5,0.1,0.001,0.0001,300,32,0.1,10
24,3,0.7086,32,32,1,0.5,0.1,0.001,0.0001,300,32,0.1,10
24,4,0.8574,32,32,1,0.5,0.1,0.001,0.0001,300,32,0.1,10
25,0,0.8047,64,64,3,0.1,0.1,0.001,0.0001,500,64,0.1,10
25,1,0.8398,64,64,3,0.1,0.1,0.001,0.0001,500,64,0.1,10
25,2,0.8674,64,64,3,0.1,0.1,0.001,0.0001,500,64,0.1,10
25,3,0.8594,64,64,3,0.1,0.1,0.001,0.0001,500,64,0.1,10
25,4,0.869,64,64,3,0.1,0.1,0.001,0.0001,500,64,0.1,10
26,0,0.8866,64,32,6,0.1,0.1,0.005,0.0001,600,64,0.0,10
26,1,0.896,64,32,6,0.1,0.1,0.005,0.0001,600,64,0.0,10
26,2,0.8385,64,32,6,0.1,0.1,0.005,0.0001,600,64,0.0,10
26,3,0.881,64,32,6,0.1,0.1,0.005,0.0001,600,64,0.0,10
26,4,0.859,64,32,6,0.1,0.1,0.005,0.0001,600,64,0.0,10
27,0,0.8412,32,32,2,0.1,0.5,0.001,0.0001,700,64,0.1,10
27,1,0.9084,32,32,2,0.1,0.5,0.001,0.0001,700,64,0.1,10
27,2,0.8585,32,32,2,0.1,0.5,0.001,0.0001,700,64,0.1,10
27,3,0.801,32,32,2,0.1,0.5,0.001,0.0001,700,64,0.1,10
27,4,0.8343,32,32,2,0.1,0.5,0.001,0.0001,700,64,0.1,10
28,0,0.7092,64,128,3,0.5,0.1,0.005,0.0001,300,32,0.0,10
28,1,0.4897,64,128,3,0.5,0.1,0.005,0.0001,300,32,0.0,10
28,2,0.7055,64,128,3,0.5,0.1,0.005,0.0001,300,32,0.0,10
28,3,0.6089,64,128,3,0.5,0.1,0.005,0.0001,300,32,0.0,10
28,4,0.7861,64,128,3,0.5,0.1,0.005,0.0001,300,32,0.0,10
29,0,0.8705,32,64,4,0.1,0.1,0.001,0.0001,700,64,0.0,10
29,1,0.824,32,64,4,0.1,0.1,0.001,0.0001,700,64,0.0,10
29,2,0.7645,32,64,4,0.1,0.1,0.001,0.0001,700,64,0.0,10
29,3,0.9098,32,64,4,0.1,0.1,0.001,0.0001,700,64,0.0,10
29,4,0.8725,32,64,4,0.1,0.1,0.001,0.0001,700,64,0.0,10
30,0,0.8495,32,32,3,0.1,0.1,0.001,0.0001,600,128,0.1,0
30,1,0.7987,32,32,3,0.1,0.1,0.001,0.0001,600,128,0.1,0
30,2,0.8977,32,32,3,0.1,0.1,0.001,0.0001,600,128,0.1,0
30,3,0.8807,32,32,3,0.1,0.1,0.001,0.0001,600,128,0.1,0
30,4,0.8382,32,32,3,0.1,0.1,0.001,0.0001,600,128,0.1,0
31,0,0.866,128,128,6,0.1,0.5,0.005,0.0001,1000,128,0.1,0
31,1,0.887,128,128,6,0.1,0.5,0.005,0.0001,1000,128,0.1,0
31,2,0.8713,128,128,6,0.1,0.5,0.005,0.0001,1000,128,0.1,0
31,3,0.8728,128,128,6,0.1,0.5,0.005,0.0001,1000,128,0.1,0
31,4,0.8929,128,128,6,0.1,0.5,0.005,0.0001,1000,128,0.1,0
32,0,0.8539,64,32,3,0.1,0.5,0.001,0.0001,200,64,0.1,10
32,1,0.8736,64,32,3,0.1,0.5,0.001,0.0001,200,64,0.1,10
32,2,0.8233,64,32,3,0.1,0.5,0.001,0.0001,200,64,0.1,10
32,3,0.8468,64,32,3,0.1,0.5,0.001,0.0001,200,64,0.1,10
32,4,0.895,64,32,3,0.1,0.5,0.001,0.0001,200,64,0.1,10
33,0,0.8295,64,32,2,0.1,0.1,0.005,0.0001,600,64,0.1,10
33,1,0.8351,64,32,2,0.1,0.1,0.005,0.0001,600,64,0.1,10
33,2,0.7663,64,32,2,0.1,0.1,0.005,0.0001,600,64,0.1,10
33,3,0.8848,64,32,2,0.1,0.1,0.005,0.0001,600,64,0.1,10
33,4,0.85,64,32,2,0.1,0.1,0.005,0.0001,600,64,0.1,10
34,0,0.5881,32,64,6,0.5,0.5,0.005,0.0001,1000,64,0.1,0
34,1,0.6003,32,64,6,0.5,0.5,0.005,0.0001,1000,64,0.1,0
34,2,0.5076,32,64,6,0.5,0.5,0.005,0.0001,1000,64,0.1,0
34,3,0.7618,32,64,6,0.5,0.5,0.005,0.0001,1000,64,0.1,0
34,4,0.5637,32,64,6,0.5,0.5,0.005,0.0001,1000,64,0.1,0
35,0,0.8396,64,64,4,0.1,0.1,0.005,0.0001,1000,128,0.0,10
35,1,0.9092,64,64,4,0.1,0.1,0.005,0.0001,1000,128,0.0,10
35,2,0.8894,64,64,4,0.1,0.1,0.005,0.0001,1000,128,0.0,10
35,3,0.8478,64,64,4,0.1,0.1,0.005,0.0001,1000,128,0.0,10
35,4,0.9033,64,64,4,0.1,0.1,0.005,0.0001,1000,128,0.0,10
36,0,0.7417,64,64,3,0.5,0.5,0.005,0.0001,700,32,0.0,10
36,1,0.6511,64,64,3,0.5,0.5,0.005,0.0001,700,32,0.0,10
36,2,0.7753,64,64,3,0.5,0.5,0.005,0.0001,700,32,0.0,10
36,3,0.6861,64,64,3,0.5,0.5,0.005,0.0001,700,32,0.0,10
36,4,0.5944,64,64,3,0.5,0.5,0.005,0.0001,700,32,0.0,10
37,0,0.842,128,64,5,0.1,0.1,0.005,0.0001,200,64,0.1,0
37,1,0.8724,128,64,5,0.1,0.1,0.005,0.0001,200,64,0.1,0
37,2,0.8639,128,64,5,0.1,0.1,0.005,0.0001,200,64,0.1,0
37,3,0.8541,128,64,5,0.1,0.1,0.005,0.0001,200,64,0.1,0
37,4,0.9059,128,64,5,0.1,0.1,0.005,0.0001,200,64,0.1,0
38,0,0.6223,64,32,5,0.5,0.1,0.005,0.0001,500,64,0.0,10
38,1,0.7712,64,32,5,0.5,0.1,0.005,0.0001,500,64,0.0,10
38,2,0.5791,64,32,5,0.5,0.1,0.005,0.0001,500,64,0.0,10
38,3,0.6796,64,32,5,0.5,0.1,0.005,0.0001,500,64,0.0,10
38,4,0.7441,64,32,5,0.5,0.1,0.005,0.0001,500,64,0.0,10
39,0,0.8639,128,64,1,0.1,0.1,0.001,0.0001,300,64,0.0,0
39,1,0.8934,128,64,1,0.1,0.1,0.001,0.0001,300,64,0.0,0
39,2,0.8565,128,64,1,0.1,0.1,0.001,0.0001,300,64,0.0,0
39,3,0.9235,128,64,1,0.1,0.1,0.001,0.0001,300,64,0.0,0
39,4,0.8654,128,64,1,0.1,0.1,0.001,0.0001,300,64,0.0,0
40,0,0.7523,128,128,5,0.5,0.5,0.001,0.0001,200,128,0.0,10
40,1,0.7155,128,128,5,0.5,0.5,0.001,0.0001,200,128,0.0,10
40,2,0.8094,128,128,5,0.5,0.5,0.001,0.0001,200,128,0.0,10
40,3,0.7774,128,128,5,0.5,0.5,0.001,0.0001,200,128,0.0,10
40,4,0.8339,128,128,5,0.5,0.5,0.001,0.0001,200,128,0.0,10
41,0,0.8312,128,128,5,0.5,0.1,0.001,0.0001,700,64,0.1,10
41,1,0.7591,128,128,5,0.5,0.1,0.001,0.0001,700,64,0.1,10
41,2,0.7984,128,128,5,0.5,0.1,0.001,0.0001,700,64,0.1,10
41,3,0.8804,128,128,5,0.5,0.1,0.001,0.0001,700,64,0.1,10
41,4,0.8073,128,128,5,0.5,0.1,0.001,0.0001,700,64,0.1,10
42,0,0.8277,64,128,3,0.1,0.1,0.001,0.0001,600,128,0.0,10
42,1,0.8749,64,128,3,0.1,0.1,0.001,0.0001,600,128,0.0,10
42,2,0.8542,64,128,3,0.1,0.1,0.001,0.0001,600,128,0.0,10
42,3,0.8996,64,128,3,0.1,0.1,0.001,0.0001,600,128,0.0,10
42,4,0.9056,64,128,3,0.1,0.1,0.001,0.0001,600,128,0.0,10
43,0,0.6437,32,64,4,0.5,0.5,0.001,0.0001,500,32,0.1,0
43,1,0.5636,32,64,4,0.5,0.5,0.001,0.0001,500,32,0.1,0
43,2,0.5882,32,64,4,0.5,0.5,0.001,0.0001,500,32,0.1,0
43,3,0.72,32,64,4,0.5,0.5,0.001,0.0001,500,32,0.1,0
43,4,0.7508,32,64,4,0.5,0.5,0.001,0.0001,500,32,0.1,0
44,0,0.8672,128,128,3,0.1,0.5,0.005,0.0001,700,128,0.0,10
44,1,0.8855,128,128,3,0.1,0.5,0.005,0.0001,700,128,0.0,10
44,2,0.8498,128,128,3,0.1,0.5,0.005,0.0001,700,128,0.0,10
44,3,0.8749,128,128,3,0.1,0.5,0.005,0.0001,700,128,0.0,10
44,4,0.8648,128,128,3,0.1,0.5,0.005,0.0001,700,128,0.0,10
45,0,0.8569,32,64,2,0.1,0.1,0.005,0.0001,300,128,0.0,0
45,1,0.7862,32,64,2,0.1,0.1,0.005,0.0001,300,128,0.0,0
45,2,0.8064,32,64,2,0.1,0.1,0.005,0.0001,300,128,0.0,0
45,3,0.871,32,64,2,0.1,0.1,0.005,0.0001,300,128,0.0,0
45,4,0.7806,32,64,2,0.1,0.1,0.005,0.0001,300,128,0.0,0
46,0,0.8441,128,32,5,0.1,0.5,0.001,0.0001,300,128,0.0,10
46,1,0.8474,128,32,5,0.1,0.5,0.001,0.0001,300,128,0.0,10
46,2,0.8599,128,32,5,0.1,0.5,0.001,0.0001,300,128,0.0,10
46,3,0.8899,128,32,5,0.1,0.5,0.001,0.0001,300,128,0.0,10
46,4,0.8804,128,32,5,0.1,0.5,0.001,0.0001,300,128,0.0,10
47,0,0.7073,64,32,4,0.5,0.5,0.001,0.0001,400,64,0.0,10
47,1,0.6477,64,32,4,0.5,0.5,0.001,0.0001,400,64,0.0,10
47,2,0.7484,64,32,4,0.5,0.5,0.001,0.0001,400,64,0.0,10
47,3,0.5763,64,32,4,0.5,0.5,0.001,0.0001,400,64,0.0,10
47,4,0.7142,64,32,4,0.5,0.5,0.001,0.0001,400,64,0.0,10
48,0,0.7639,64,64,1,0.1,0.5,0.005,0.0001,200,64,0.1,10
48,1,0.8336,64,64,1,0.1,0.5,0.005,0.0001,200,64,0.1,10
48,2,0.8253,64,64,1,0.1,0.5,0.005,0.0001,200,64,0.1,10
48,3,0.8782,64,64,1,0.1,0.5,0.005,0.0001,200,64,0.1,10
48,4,0.8841,64,64,1,0.1,0.5,0.005,0.0001,200,64,0.1,10
49,0,0.8915,64,128,2,0.1,0.5,0.005,0.0001,600,64,0.1,0
49,1,0.8438,64,128,2,0.1,0.5,0.005,0.0001,600,64,0.1,0
49,2,0.8235,64,128,2,0.1,0.5,0.005,0.0001,600,64,0.1,0
49,3,0.8869,64,128,2,0.1,0.5,0.005,0.0001,600,64,0.1,0
49,4,0.8147,64,128,2,0.1,0.5,0.005,0.0001,600,64,0.1,0
50,0,0.8567,128,128,6,0.1,0.1,0.001,0.0001,300,64,0.1,0
50,1,0.9114,128,128,6,0.1,0.1,0.001,0.0001,300,64,0.1,0
50,2,0.8877,128,128,6,0.1,0.1,0.001,0.0001,300,64,0.1,0
50,3,0.8185,128,128,6,0.1,0.1,0.001,0.0001,300,64,0.1,0
50,4,0.8972,128,128,6,0.1,0.1,0.001,0.0001,300,64,0.1,0
51,0,0.6482,64,64,4,0.5,0.1,0.005,0.0001,500,128,0.1,10
51,1,0.8603,64,64,4,0.5,0.1,0.005,0.0001,500,128,0.1,10
51,2,0.6951,64,64,4,0.5,0.1,0.005,0.0001,500,128,0.1,10
51,3,0.5731,64,64,4,0.5,0.1,0.005,0.0001,500,128,0.1,10
51,4,0.7332,64,64,4,0.5,0.1,0.005,0.0001,500,128,0.1,10
52,0,0.8189,128,64,1,0.1,0.5,0.001,0.0001,300,64,0.1,10
52,1,0.8837,128,64,1,0.1,0.5,0.001,0.0001,300,64,0.1,10
52,2,0.8658,128,64,1,0.1,0.5,0.001,0.0001,300,64,0.1,10
52,3,0.8315,128,64,1,0.1,0.5,0.001,0.0001,300,64,0.1,10
52,4,0.8708,128,64,1,0.1,0.5,0.001,0.0001,300,64,0.1,10
53,0,0.8369,128,128,4,0.1,0.5,0.001,0.0001,500,128,0.0,10
53,1,0.8722,128,128,4,0.1,0.5,0.001,0.0001,500,128,0.0,10
53,2,0.8406,128,128,4,0.1,0.5,0.001,0.0001,500,128,0.0,10
53,3,0.8794,128,128,4,0.1,0.5,0.001,0.0001,500,128,0.0,10
53,4,0.8908,128,128,4,0.1,0.5,0.001,0.0001,500,128,0.0,10
54,0,0.7825,64,128,5,0.1,0.1,0.001,0.0001,400,32,0.1,0
54,1,0.8177,64,128,5,0.1,0.1,0.001,0.0001,400,32,0.1,0
54,2,0.7923,64,128,5,0.1,0.1,0.001,0.0001,400,32,0.1,0
54,3,0.8053,64,128,5,0.1,0.1,0.001,0.0001,400,32,0.1,0
54,4,0.8378,64,128,5,0.1,0.1,0.001,0.0001,400,32,0.1,0
55,0,0.7252,64,128,6,0.5,0.5,0.001,0.0001,400,32,0.0,0
55,1,0.7135,64,128,6,0.5,0.5,0.001,0.0001,400,32,0.0,0
55,2,0.7873,64,128,6,0.5,0.5,0.001,0.0001,400,32,0.0,0
55,3,0.8356,64,128,6,0.5,0.5,0.001,0.0001,400,32,0.0,0
55,4,0.5747,64,128,6,0.5,0.5,0.001,0.0001,400,32,0.0,0
56,0,0.8856,128,32,2,0.1,0.5,0.001,0.0001,400,64,0.1,0
56,1,0.8848,128,32,2,0.1,0.5,0.001,0.0001,400,64,0.1,0
56,2,0.8827,128,32,2,0.1,0.5,0.001,0.0001,400,64,0.1,0
56,3,0.8782,128,32,2,0.1,0.5,0.001,0.0001,400,64,0.1,0
56,4,0.8729,128,32,2,0.1,0.5,0.001,0.0001,400,64,0.1,0
57,0,0.8193,32,128,5,0.1,0.1,0.001,0.0001,600,128,0.1,10
57,1,0.7926,32,128,5,0.1,0.1,0.001,0.0001,600,128,0.1,10
57,2,0.8383,32,128,5,0.1,0.1,0.001,0.0001,600,128,0.1,10
57,3,0.7713,32,128,5,0.1,0.1,0.001,0.0001,600,128,0.1,10
57,4,0.8431,32,128,5,0.1,0.1,0.001,0.0001,600,128,0.1,10
58,0,0.5425,32,128,3,0.5,0.5,0.001,0.0001,1000,32,0.1,0
58,1,0.5772,32,128,3,0.5,0.5,0.001,0.0001,1000,32,0.1,0
58,2,0.7025,32,128,3,0.5,0.5,0.001,0.0001,1000,32,0.1,0
58,3,0.4847,32,128,3,0.5,0.5,0.001,0.0001,1000,32,0.1,0
58,4,0.6184,32,128,3,0.5,0.5,0.001,0.0001,1000,32,0.1,0
59,0,0.861,128,128,4,0.1,0.5,0.005,0.0001,300,32,0.1,10
59,1,0.8751,128,128,4,0.1,0.5,0.005,0.0001,300,32,0.1,10
59,2,0.8244,128,128,4,0.1,0.5,0.005,0.0001,300,32,0.1,10
59,3,0.9109,128,128,4,0.1,0.5,0.005,0.0001,300,32,0.1,10
59,4,0.8504,128,128,4,0.1,0.5,0.005,0.0001,300,32,0.1,10
60,0,0.8321,32,64,2,0.5,0.1,0.001,0.0001,700,128,0.1,0
60,1,0.8059,32,64,2,0.5,0.1,0.001,0.0001,700,128,0.1,0
60,2,0.7418,32,64,2,0.5,0.1,0.001,0.0001,700,128,0.1,0
60,3,0.8224,32,64,2,0.5,0.1,0.001,0.0001,700,128,0.1,0
60,4,0.8242,32,64,2,0.5,0.1,0.001,0.0001,700,128,0.1,0
61,0,0.8667,128,64,5,0.1,0.1,0.001,0.0001,700,64,0.1,0
61,1,0.9173,128,64,5,0.1,0.1,0.001,0.0001,700,64,0.1,0
61,2,0.8377,128,64,5,0.1,0.1,0.001,0.0001,700,64,0.1,0
61,3,0.8828,128,64,5,0.1,0.1,0.001,0.0001,700,64,0.1,0
61,4,0.8316,128,64,5,0.1,0.1,0.001,0.0001,700,64,0.1,0
62,0,0.7525,64,32,4,0.5,0.5,0.001,0.0001,200,128,0.0,10
62,1,0.8375,64,32,4,0.5,0.5,0.001,0.0001,200,128,0.0,10
62,2,0.7916,64,32,4,0.5,0.5,0.001,0.0001,200,128,0.0,10
62,3,0.8148,64,32,4,0.5,0.5,0.001,0.0001,200,128,0.0,10
62,4,0.7986,64,32,4,0.5,0.5,0.001,0.0001,200,128,0.0,10
63,0,0.8902,64,64,5,0.1,0.1,0.005,0.0001,200,128,0.0,10
63,1,0.8482,64,64,5,0.1,0.1,0.005,0.0001,200,128,0.0,10
63,2,0.9027,64,64,5,0.1,0.1,0.005,0.0001,200,128,0.0,10
63,3,0.8442,64,64,5,0.1,0.1,0.005,0.0001,200,128,0.0,10
63,4,0.8805,64,64,5,0.1,0.1,0.005,0.0001,200,128,0.0,10
64,0,0.9309,32,64,5,0.1,0.1,0.001,0.0001,1000,32,0.0,10
64,1,0.89,32,64,5,0.1,0.1,0.001,0.0001,1000,32,0.0,10
64,2,0.9108,32,64,5,0.1,0.1,0.001,0.0001,1000,32,0.0,10
64,3,0.6792,32,64,5,0.1,0.1,0.001,0.0001,1000,32,0.0,10
64,4,0.8605,32,64,5,0.1,0.1,0.001,0.0001,1000,32,0.0,10
65,0,0.5618,32,64,4,0.5,0.5,0.005,0.0001,300,128,0.0,10
65,1,0.6206,32,64,4,0.5,0.5,0.005,0.0001,300,128,0.0,10
65,2,0.5214,32,64,4,0.5,0.5,0.005,0.0001,300,128,0.0,10
65,3,0.6473,32,64,4,0.5,0.5,0.005,0.0001,300,128,0.0,10
65,4,0.8058,32,64,4,0.5,0.5,0.005,0.0001,300,128,0.0,10
66,0,0.8424,128,128,6,0.1,0.5,0.005,0.0001,400,128,0.1,0
66,1,0.878,128,128,6,0.1,0.5,0.005,0.0001,400,128,0.1,0
66,2,0.8525,128,128,6,0.1,0.5,0.005,0.0001,400,128,0.1,0
66,3,0.8595,128,128,6,0.1,0.5,0.005,0.0001,400,128,0.1,0
66,4,0.8332,128,128,6,0.1,0.5,0.005,0.0001,400,128,0.1,0
67,0,0.6056,64,32,4,0.5,0.5,0.001,0.0001,1000,128,0.0,10
67,1,0.7979,64,32,4,0.5,0.5,0.001,0.0001,1000,128,0.0,10
67,2,0.7624,64,32,4,0.5,0.5,0.001,0.0001,1000,128,0.0,10
67,3,0.6909,64,32,4,0.5,0.5,0.001,0.0001,1000,128,0.0,10
67,4,0.8166,64,32,4,0.5,0.5,0.001,0.0001,1000,128,0.0,10
68,0,0.8637,64,64,5,0.1,0.5,0.001,0.0001,1000,64,0.1,0
68,1,0.9003,64,64,5,0.1,0.5,0.001,0.0001,1000,64,0.1,0
68,2,0.9052,64,64,5,0.1,0.5,0.001,0.0001,1000,64,0.1,0
68,3,0.8753,64,64,5,0.1,0.5,0.001,0.0001,1000,64,0.1,0
68,4,0.8859,64,64,5,0.1,0.5,0.001,0.0001,1000,64,0.1,0
69,0,0.8096,128,32,4,0.5,0.1,0.005,0.0001,1000,128,0.1,10
69,1,0.8062,128,32,4,0.5,0.1,0.005,0.0001,1000,128,0.1,10
69,2,0.6291,128,32,4,0.5,0.1,0.005,0.0001,1000,128,0.1,10
69,3,0.7807,128,32,4,0.5,0.1,0.005,0.0001,1000,128,0.1,10
69,4,0.817,128,32,4,0.5,0.1,0.005,0.0001,1000,128,0.1,10
70,0,0.8933,64,128,4,0.1,0.1,0.005,0.0001,700,128,0.1,0
70,1,0.7287,64,128,4,0.1,0.1,0.005,0.0001,700,128,0.1,0
70,2,0.8832,64,128,4,0.1,0.1,0.005,0.0001,700,128,0.1,0
70,3,0.7608,64,128,4,0.1,0.1,0.005,0.0001,700,128,0.1,0
70,4,0.8631,64,128,4,0.1,0.1,0.005,0.0001,700,128,0.1,0
71,0,0.8684,64,128,3,0.1,0.5,0.005,0.0001,500,128,0.1,0
71,1,0.841,64,128,3,0.1,0.5,0.005,0.0001,500,128,0.1,0
71,2,0.8493,64,128,3,0.1,0.5,0.005,0.0001,500,128,0.1,0
71,3,0.834,64,128,3,0.1,0.5,0.005,0.0001,500,128,0.1,0
71,4,0.8689,64,128,3,0.1,0.5,0.005,0.0001,500,128,0.1,0
72,0,0.8888,64,64,5,0.1,0.5,0.005,0.0001,400,32,0.1,10
72,1,0.8477,64,64,5,0.1,0.5,0.005,0.0001,400,32,0.1,10
72,2,0.795,64,64,5,0.1,0.5,0.005,0.0001,400,32,0.1,10
72,3,0.8631,64,64,5,0.1,0.5,0.005,0.0001,400,32,0.1,10
72,4,0.8751,64,64,5,0.1,0.5,0.005,0.0001,400,32,0.1,10
73,0,0.8574,128,32,5,0.1,0.5,0.005,0.0001,200,32,0.0,10
73,1,0.9026,128,32,5,0.1,0.5,0.005,0.0001,200,32,0.0,10
73,2,0.8595,128,32,5,0.1,0.5,0.005,0.0001,200,32,0.0,10
73,3,0.8283,128,32,5,0.1,0.5,0.005,0.0001,200,32,0.0,10
73,4,0.9014,128,32,5,0.1,0.5,0.005,0.0001,200,32,0.0,10
74,0,0.8716,128,128,1,0.1,0.1,0.005,0.0001,600,64,0.0,10
74,1,0.852,128,128,1,0.1,0.1,0.005,0.0001,600,64,0.0,10
74,2,0.8669,128,128,1,0.1,0.1,0.005,0.0001,600,64,0.0,10
74,3,0.8377,128,128,1,0.1,0.1,0.005,0.0001,600,64,0.0,10
74,4,0.8702,128,128,1,0.1,0.1,0.005,0.0001,600,64,0.0,10
75,0,0.729,128,64,2,0.5,0.1,0.005,0.0001,300,32,0.1,10
75,1,0.7776,128,64,2,0.5,0.1,0.005,0.0001,300,32,0.1,10
75,2,0.724,128,64,2,0.5,0.1,0.005,0.0001,300,32,0.1,10
75,3,0.5241,128,64,2,0.5,0.1,0.005,0.0001,300,32,0.1,10
75,4,0.761,128,64,2,0.5,0.1,0.005,0.0001,300,32,0.1,10
76,0,0.7327,128,32,5,0.5,0.1,0.001,0.0001,500,64,0.1,0
76,1,0.7409,128,32,5,0.5,0.1,0.001,0.0001,500,64,0.1,0
76,2,0.6479,128,32,5,0.5,0.1,0.001,0.0001,500,64,0.1,0
76,3,0.7881,128,32,5,0.5,0.1,0.001,0.0001,500,64,0.1,0
76,4,0.788,128,32,5,0.5,0.1,0.001,0.0001,500,64,0.1,0
77,0,0.6656,128,64,3,0.5,0.1,0.005,0.0001,1000,64,0.0,10
77,1,0.5141,128,64,3,0.5,0.1,0.005,0.0001,1000,64,0.0,10
77,2,0.8392,128,64,3,0.5,0.1,0.005,0.0001,1000,64,0.0,10
77,3,0.7164,128,64,3,0.5,0.1,0.005,0.0001,1000,64,0.0,10
77,4,0.7809,128,64,3,0.5,0.1,0.005,0.0001,1000,64,0.0,10
78,0,0.5076,32,32,1,0.5,0.1,0.001,0.0001,400,64,0.1,0
78,1,0.75,32,32,1,0.5,0.1,0.001,0.0001,400,64,0.1,0
78,2,0.6634,32,32,1,0.5,0.1,0.001,0.0001,400,64,0.1,0
78,3,0.6794,32,32,1,0.5,0.1,0.001,0.0001,400,64,0.1,0
78,4,0.6177,32,32,1,0.5,0.1,0.001,0.0001,400,64,0.1,0
79,0,0.7697,32,32,5,0.1,0.5,0.001,0.0001,300,64,0.1,0
79,1,0.7331,32,32,5,0.1,0.5,0.001,0.0001,300,64,0.1,0
79,2,0.7682,32,32,5,0.1,0.5,0.001,0.0001,300,64,0.1,0
79,3,0.8678,32,32,5,0.1,0.5,0.001,0.0001,300,64,0.1,0
79,4,0.8331,32,32,5,0.1,0.5,0.001,0.0001,300,64,0.1,0
80,0,0.8502,32,128,1,0.1,0.1,0.005,0.0001,1000,64,0.1,0
80,1,0.8695,32,128,1,0.1,0.1,0.005,0.0001,1000,64,0.1,0
80,2,0.8495,32,128,1,0.1,0.1,0.005,0.0001,1000,64,0.1,0
80,3,0.8531,32,128,1,0.1,0.1,0.005,0.0001,1000,64,0.1,0
80,4,0.7021,32,128,1,0.1,0.1,0.005,0.0001,1000,64,0.1,0
81,0,0.7304,32,32,3,0.5,0.5,0.005,0.0001,200,128,0.0,10
81,1,0.5174,32,32,3,0.5,0.5,0.005,0.0001,200,128,0.0,10
81,2,0.7619,32,32,3,0.5,0.5,0.005,0.0001,200,128,0.0,10
81,3,0.5935,32,32,3,0.5,0.5,0.005,0.0001,200,128,0.0,10
81,4,0.8099,32,32,3,0.5,0.5,0.005,0.0001,200,128,0.0,10
82,0,0.8652,128,32,3,0.1,0.5,0.005,0.0001,400,32,0.1,10
82,1,0.8901,128,32,3,0.1,0.5,0.005,0.0001,400,32,0.1,10
82,2,0.8816,128,32,3,0.1,0.5,0.005,0.0001,400,32,0.1,10
82,3,0.8142,128,32,3,0.1,0.5,0.005,0.0001,400,32,0.1,10
82,4,0.8834,128,32,3,0.1,0.5,0.005,0.0001,400,32,0.1,10
83,0,0.8649,64,64,3,0.1,0.5,0.001,0.0001,200,128,0.0,0
83,1,0.8902,64,64,3,0.1,0.5,0.001,0.0001,200,128,0.0,0
83,2,0.9156,64,64,3,0.1,0.5,0.001,0.0001,200,128,0.0,0
83,3,0.8583,64,64,3,0.1,0.5,0.001,0.0001,200,128,0.0,0
83,4,0.8278,64,64,3,0.1,0.5,0.001,0.0001,200,128,0.0,0
84,0,0.8497,128,128,3,0.1,0.5,0.001,0.0001,200,128,0.1,0
84,1,0.8535,128,128,3,0.1,0.5,0.001,0.0001,200,128,0.1,0
84,2,0.917,128,128,3,0.1,0.5,0.001,0.0001,200,128,0.1,0
84,3,0.8888,128,128,3,0.1,0.5,0.001,0.0001,200,128,0.1,0
84,4,0.8961,128,128,3,0.1,0.5,0.001,0.0001,200,128,0.1,0
85,0,0.7978,32,128,3,0.5,0.5,0.001,0.0001,700,32,0.1,0
85,1,0.6019,32,128,3,0.5,0.5,0.001,0.0001,700,32,0.1,0
85,2,0.6275,32,128,3,0.5,0.5,0.001,0.0001,700,32,0.1,0
85,3,0.6883,32,128,3,0.5,0.5,0.001,0.0001,700,32,0.1,0
85,4,0.6992,32,128,3,0.5,0.5,0.001,0.0001,700,32,0.1,0
86,0,0.6059,32,32,5,0.5,0.1,0.005,0.0001,200,64,0.1,0
86,1,0.4753,32,32,5,0.5,0.1,0.005,0.0001,200,64,0.1,0
86,2,0.6338,32,32,5,0.5,0.1,0.005,0.0001,200,64,0.1,0
86,3,0.6868,32,32,5,0.5,0.1,0.005,0.0001,200,64,0.1,0
86,4,0.5604,32,32,5,0.5,0.1,0.005,0.0001,200,64,0.1,0
87,0,0.8441,32,128,1,0.1,0.5,0.005,0.0001,600,64,0.0,10
87,1,0.8169,32,128,1,0.1,0.5,0.005,0.0001,600,64,0.0,10
87,2,0.766,32,128,1,0.1,0.5,0.005,0.0001,600,64,0.0,10
87,3,0.7949,32,128,1,0.1,0.5,0.005,0.0001,600,64,0.0,10
87,4,0.8821,32,128,1,0.1,0.5,0.005,0.0001,600,64,0.0,10
88,0,0.865,64,128,3,0.1,0.5,0.001,0.0001,600,64,0.1,10
88,1,0.851,64,128,3,0.1,0.5,0.001,0.0001,600,64,0.1,10
88,2,0.8664,64,128,3,0.1,0.5,0.001,0.0001,600,64,0.1,10
88,3,0.8874,64,128,3,0.1,0.5,0.001,0.0001,600,64,0.1,10
88,4,0.8506,64,128,3,0.1,0.5,0.001,0.0001,600,64,0.1,10
89,0,0.7604,64,64,6,0.5,0.5,0.005,0.0001,200,128,0.0,10
89,1,0.6914,64,64,6,0.5,0.5,0.005,0.0001,200,128,0.0,10
89,2,0.6034,64,64,6,0.5,0.5,0.005,0.0001,200,128,0.0,10
89,3,0.8011,64,64,6,0.5,0.5,0.005,0.0001,200,128,0.0,10
89,4,0.4665,64,64,6,0.5,0.5,0.005,0.0001,200,128,0.0,10
90,0,0.6887,128,64,6,0.5,0.5,0.005,0.0001,400,128,0.0,0
90,1,0.7141,128,64,6,0.5,0.5,0.005,0.0001,400,128,0.0,0
90,2,0.6431,128,64,6,0.5,0.5,0.005,0.0001,400,128,0.0,0
90,3,0.6785,128,64,6,0.5,0.5,0.005,0.0001,400,128,0.0,0
90,4,0.6146,128,64,6,0.5,0.5,0.005,0.0001,400,128,0.0,0
91,0,0.777,128,32,6,0.5,0.5,0.005,0.0001,500,64,0.0,0
91,1,0.7647,128,32,6,0.5,0.5,0.005,0.0001,500,64,0.0,0
91,2,0.7867,128,32,6,0.5,0.5,0.005,0.0001,500,64,0.0,0
91,3,0.6744,128,32,6,0.5,0.5,0.005,0.0001,500,64,0.0,0
91,4,0.7116,128,32,6,0.5,0.5,0.005,0.0001,500,64,0.0,0
92,0,0.6959,32,32,4,0.1,0.5,0.005,0.0001,1000,128,0.0,10
92,1,0.8892,32,32,4,0.1,0.5,0.005,0.0001,1000,128,0.0,10
92,2,0.8895,32,32,4,0.1,0.5,0.005,0.0001,1000,128,0.0,10
92,3,0.7316,32,32,4,0.1,0.5,0.005,0.0001,1000,128,0.0,10
92,4,0.7817,32,32,4,0.1,0.5,0.005,0.0001,1000,128,0.0,10
93,0,0.7675,128,128,4,0.5,0.1,0.001,0.0001,300,32,0.1,0
93,1,0.7706,128,128,4,0.5,0.1,0.001,0.0001,300,32,0.1,0
93,2,0.8379,128,128,4,0.5,0.1,0.001,0.0001,300,32,0.1,0
93,3,0.7051,128,128,4,0.5,0.1,0.001,0.0001,300,32,0.1,0
93,4,0.8001,128,128,4,0.5,0.1,0.001,0.0001,300,32,0.1,0
94,0,0.6897,32,128,4,0.5,0.5,0.001,0.0001,1000,64,0.1,0
94,1,0.711,32,128,4,0.5,0.5,0.001,0.0001,1000,64,0.1,0
94,2,0.6915,32,128,4,0.5,0.5,0.001,0.0001,1000,64,0.1,0
94,3,0.6417,32,128,4,0.5,0.5,0.001,0.0001,1000,64,0.1,0
94,4,0.7391,32,128,4,0.5,0.5,0.001,0.0001,1000,64,0.1,0
95,0,0.8591,64,128,4,0.1,0.1,0.005,0.0001,200,32,0.0,0
95,1,0.9351,64,128,4,0.1,0.1,0.005,0.0001,200,32,0.0,0
95,2,0.8328,64,128,4,0.1,0.1,0.005,0.0001,200,32,0.0,0
95,3,0.8649,64,128,4,0.1,0.1,0.005,0.0001,200,32,0.0,0
95,4,0.8481,64,128,4,0.1,0.1,0.005,0.0001,200,32,0.0,0
96,0,0.7727,64,128,5,0.5,0.5,0.001,0.0001,700,128,0.1,0
96,1,0.8154,64,128,5,0.5,0.5,0.001,0.0001,700,128,0.1,0
96,2,0.6166,64,128,5,0.5,0.5,0.001,0.0001,700,128,0.1,0
96,3,0.6086,64,128,5,0.5,0.5,0.001,0.0001,700,128,0.1,0
96,4,0.72,64,128,5,0.5,0.5,0.001,0.0001,700,128,0.1,0
97,0,0.8447,128,32,1,0.5,0.5,0.005,0.0001,1000,64,0.1,10
97,1,0.7335,128,32,1,0.5,0.5,0.005,0.0001,1000,64,0.1,10
97,2,0.8116,128,32,1,0.5,0.5,0.005,0.0001,1000,64,0.1,10
97,3,0.8567,128,32,1,0.5,0.5,0.005,0.0001,1000,64,0.1,10
97,4,0.8272,128,32,1,0.5,0.5,0.005,0.0001,1000,64,0.1,10
98,0,0.4449,32,64,2,0.5,0.1,0.005,0.0001,600,64,0.0,10
98,1,0.6424,32,64,2,0.5,0.1,0.005,0.0001,600,64,0.0,10
98,2,0.5268,32,64,2,0.5,0.1,0.005,0.0001,600,64,0.0,10
98,3,0.6365,32,64,2,0.5,0.1,0.005,0.0001,600,64,0.0,10
98,4,0.6023,32,64,2,0.5,0.1,0.005,0.0001,600,64,0.0,10
99,0,0.7895,32,128,6,0.1,0.1,0.005,0.0001,600,128,0.0,0
99,1,0.7529,32,128,6,0.1,0.1,0.005,0.0001,600,128,0.0,0
99,2,0.8261,32,128,6,0.1,0.1,0.005,0.0001,600,128,0.0,0
99,3,0.8266,32,128,6,0.1,0.1,0.005,0.0001,600,128,0.0,0
99,4,0.8371,32,128,6,0.1,0.1,0.005,0.0001,600,128,0.0,0
