combo_id,fold,val_macro,hp_d,hp_d_prime,hp_K,hp_dropout,hp_dropout_gnn,hp_lr,hp_wd,hp_epochs,hp_hidden,hp_label_smoothing,hp_warmup
0,0,0.6676,128,128,3,0.5,0.5,0.001,0.0001,1000,64,0.0,10
1,0,0.6356,32,128,4,0.5,0.1,0.001,0.0001,1000,128,0.1,0
2,0,0.6503,128,64,3,0.5,0.1,0.001,0.0001,300,32,0.0,0
3,0,0.6522,128,32,6,0.1,0.1,0.001,0.0001,600,64,0.1,0
4,0,0.6423,64,128,6,0.5,0.1,0.001,0.0001,400,128,0.0,0
5,0,0.6667,32,128,5,0.1,0.1,0.005,0.0001,500,128,0.0,0
6,0,0.6521,64,128,5,0.1,0.5,0.005,0.0001,400,32,0.0,10
7,0,0.6474,64,32,5,0.1,0.1,0.001,0.0001,500,64,0.0,0
8,0,0.6293,64,64,1,0.5,0.1,0.001,0.0001,300,32,0.1,10
9,0,0.6291,64,64,3,0.5,0.1,0.001,0.0001,700,64,0.0,10
10,0,0.6727,32,128,2,0.1,0.5,0.001,0.0001,500,128,0.0,0
11,0,0.6494,32,64,1,0.5,0.1,0.001,0.0001,600,64,0.1,10
12,0,0.6513,128,64,1,0.5,0.1,0.005,0.0001,300,64,0.0,10
13,0,0.5976,32,128,4,0.1,0.1,0.001,0.0001,500,32,0.1,0
14,0,0.6506,128,128,5,0.5,0.5,0.005,0.0001,600,64,0.1,0
15,0,0.6483,32,128,6,0.5,0.5,0.005,0.0001,400,64,0.0,0
16,0,0.6414,128,32,5,0.1,0.5,0.001,0.0001,400,128,0.0,10
17,0,0.6664,32,64,4,0.1,0.5,0.001,0.0001,1000,32,0.0,0
18,0,0.6475,32,128,4,0.5,0.5,0.001,0.0001,500,128,0.0,0
19,0,0.6538,128,32,5,0.5,0.1,0.001,0.0001,300,128,0.1,10
20,0,0.6375,64,64,3,0.5,0.1,0.005,0.0001,700,128,0.1,0
21,0,0.6415,128,32,5,0.5,0.1,0.005,0.0001,200,128,0.0,10
22,0,0.6537,32,32,1,0.1,0.1,0.001,0.0001,300,64,0.0,0
23,0,0.6365,64,64,1,0.1,0.5,0.005,0.0001,300,128,0.0,10
24,0,0.6709,32,32,1,0.5,0.1,0.001,0.0001,300,32,0.1,10
25,0,0.629,64,64,3,0.1,0.1,0.001,0.0001,500,64,0.1,10
26,0,0.6464,64,32,6,0.1,0.1,0.005,0.0001,600,64,0.0,10
27,0,0.6232,32,32,2,0.1,0.5,0.001,0.0001,700,64,0.1,10
28,0,0.6518,64,128,3,0.5,0.1,0.005,0.0001,300,32,0.0,10
29,0,0.6501,32,64,4,0.1,0.1,0.001,0.0001,700,64,0.0,10
30,0,0.6445,32,32,3,0.1,0.1,0.001,0.0001,600,128,0.1,0
31,0,0.636,128,128,6,0.1,0.5,0.005,0.0001,1000,128,0.1,0
32,0,0.6367,64,32,3,0.1,0.5,0.001,0.0001,200,64,0.1,10
33,0,0.6349,64,32,2,0.1,0.1,0.005,0.0001,600,64,0.1,10
34,0,0.609,32,64,6,0.5,0.5,0.005,0.0001,1000,64,0.1,0
35,0,0.6387,64,64,4,0.1,0.1,0.005,0.0001,1000,128,0.0,10
36,0,0.6491,64,64,3,0.5,0.5,0.005,0.0001,700,32,0.0,10
37,0,0.6338,128,64,5,0.1,0.1,0.005,0.0001,200,64,0.1,0
38,0,0.6546,64,32,5,0.5,0.1,0.005,0.0001,500,64,0.0,10
39,0,0.6404,128,64,1,0.1,0.1,0.001,0.0001,300,64,0.0,0
40,0,0.68,128,128,5,0.5,0.5,0.001,0.0001,200,128,0.0,10
41,0,0.6348,128,128,5,0.5,0.1,0.001,0.0001,700,64,0.1,10
42,0,0.6241,64,128,3,0.1,0.1,0.001,0.0001,600,128,0.0,10
43,0,0.6666,32,64,4,0.5,0.5,0.001,0.0001,500,32,0.1,0
44,0,0.64,128,128,3,0.1,0.5,0.005,0.0001,700,128,0.0,10
45,0,0.6463,32,64,2,0.1,0.1,0.005,0.0001,300,128,0.0,0
46,0,0.6679,128,32,5,0.1,0.5,0.001,0.0001,300,128,0.0,10
47,0,0.6392,64,32,4,0.5,0.5,0.001,0.0001,400,64,0.0,10
48,0,0.6369,64,64,1,0.1,0.5,0.005,0.0001,200,64,0.1,10
49,0,0.6238,64,128,2,0.1,0.5,0.005,0.0001,600,64,0.1,0
50,0,0.6349,128,128,6,0.1,0.1,0.001,0.0001,300,64,0.1,0
51,0,0.6384,64,64,4,0.5,0.1,0.005,0.0001,500,128,0.1,10
52,0,0.6517,128,64,1,0.1,0.5,0.001,0.0001,300,64,0.1,10
53,0,0.646,128,128,4,0.1,0.5,0.001,0.0001,500,128,0.0,10
54,0,0.6316,64,128,5,0.1,0.1,0.001,0.0001,400,32,0.1,0
55,0,0.6372,64,128,6,0.5,0.5,0.001,0.0001,400,32,0.0,0
56,0,0.6397,128,32,2,0.1,0.5,0.001,0.0001,400,64,0.1,0
57,0,0.6356,32,128,5,0.1,0.1,0.001,0.0001,600,128,0.1,10
58,0,0.6195,32,128,3,0.5,0.5,0.001,0.0001,1000,32,0.1,0
59,0,0.6458,128,128,4,0.1,0.5,0.005,0.0001,300,32,0.1,10
60,0,0.6368,32,64,2,0.5,0.1,0.001,0.0001,700,128,0.1,0
61,0,0.6357,128,64,5,0.1,0.1,0.001,0.0001,700,64,0.1,0
62,0,0.6241,64,32,4,0.5,0.5,0.001,0.0001,200,128,0.0,10
63,0,0.6384,64,64,5,0.1,0.1,0.005,0.0001,200,128,0.0,10
64,0,0.6516,32,64,5,0.1,0.1,0.001,0.0001,1000,32,0.0,10
65,0,0.63,32,64,4,0.5,0.5,0.005,0.0001,300,128,0.0,10
66,0,0.6499,128,128,6,0.1,0.5,0.005,0.0001,400,128,0.1,0
67,0,0.6434,64,32,4,0.5,0.5,0.001,0.0001,1000,128,0.0,10
68,0,0.6265,64,64,5,0.1,0.5,0.001,0.0001,1000,64,0.1,0
69,0,0.645,128,32,4,0.5,0.1,0.005,0.0001,1000,128,0.1,10
70,0,0.6292,64,128,4,0.1,0.1,0.005,0.0001,700,128,0.1,0
71,0,0.6432,64,128,3,0.1,0.5,0.005,0.0001,500,128,0.1,0
72,0,0.6538,64,64,5,0.1,0.5,0.005,0.0001,400,32,0.1,10
73,0,0.6552,128,32,5,0.1,0.5,0.005,0.0001,200,32,0.0,10
74,0,0.6547,128,128,1,0.1,0.1,0.005,0.0001,600,64,0.0,10
75,0,0.6517,128,64,2,0.5,0.1,0.005,0.0001,300,32,0.1,10
76,0,0.6417,128,32,5,0.5,0.1,0.001,0.0001,500,64,0.1,0
77,0,0.6428,128,64,3,0.5,0.1,0.005,0.0001,1000,64,0.0,10
78,0,0.6204,32,32,1,0.5,0.1,0.001,0.0001,400,64,0.1,0
79,0,0.6563,32,32,5,0.1,0.5,0.001,0.0001,300,64,0.1,0
80,0,0.6226,32,128,1,0.1,0.1,0.005,0.0001,1000,64,0.1,0
81,0,0.6524,32,32,3,0.5,0.5,0.005,0.0001,200,128,0.0,10
82,0,0.6318,128,32,3,0.1,0.5,0.005,0.0001,400,32,0.1,10
83,0,0.6227,64,64,3,0.1,0.5,0.001,0.0001,200,128,0.0,0
84,0,0.6499,128,128,3,0.1,0.5,0.001,0.0001,200,128,0.1,0
85,0,0.6248,32,128,3,0.5,0.5,0.001,0.0001,700,32,0.1,0
86,0,0.6326,32,32,5,0.5,0.1,0.005,0.0001,200,64,0.1,0
87,0,0.5974,32,128,1,0.1,0.5,0.005,0.0001,600,64,0.0,10
88,0,0.6526,64,128,3,0.1,0.5,0.001,0.0001,600,64,0.1,10
89,0,0.6701,64,64,6,0.5,0.5,0.005,0.0001,200,128,0.0,10
90,0,0.6441,128,64,6,0.5,0.5,0.005,0.0001,400,128,0.0,0
91,0,0.6319,128,32,6,0.5,0.5,0.005,0.0001,500,64,0.0,0
92,0,0.6432,32,32,4,0.1,0.5,0.005,0.0001,1000,128,0.0,10
93,0,0.6333,128,128,4,0.5,0.1,0.001,0.0001,300,32,0.1,0
94,0,0.6397,32,128,4,0.5,0.5,0.001,0.0001,1000,64,0.1,0
95,0,0.6509,64,128,4,0.1,0.1,0.005,0.0001,200,32,0.0,0
96,0,0.6164,64,128,5,0.5,0.5,0.001,0.0001,700,128,0.1,0
97,0,0.6273,128,32,1,0.5,0.5,0.005,0.0001,1000,64,0.1,10
98,0,0.6365,32,64,2,0.5,0.1,0.005,0.0001,600,64,0.0,10
99,0,0.6437,32,128,6,0.1,0.1,0.005,0.0001,600,128,0.0,0
