combo_id,fold,val_nmi,hp_d,hp_K,hp_dropout,hp_lr,hp_wd,hp_epochs,hp_hidden,hp_cl_loss,hp_cl_temp
0,0,0.1891,256,2,0.5,0.005,0.001,100,128,contrastive,0.1
0,1,0.2076,256,2,0.5,0.005,0.001,100,128,contrastive,0.1
0,2,0.1272,256,2,0.5,0.005,0.001,100,128,contrastive,0.1
0,3,0.1527,256,2,0.5,0.005,0.001,100,128,contrastive,0.1
0,4,0.1637,256,2,0.5,0.005,0.001,100,128,contrastive,0.1
1,0,0.1581,128,4,0.5,0.001,0.0001,700,128,contrastive,0.5
1,1,0.0579,128,4,0.5,0.001,0.0001,700,128,contrastive,0.5
1,2,0.1103,128,4,0.5,0.001,0.0001,700,128,contrastive,0.5
1,3,0.1143,128,4,0.5,0.001,0.0001,700,128,contrastive,0.5
1,4,0.0601,128,4,0.5,0.001,0.0001,700,128,contrastive,0.5
2,0,0.0418,256,2,0.5,0.005,0.001,500,64,reconstruction,0.1
2,1,0.1518,256,2,0.5,0.005,0.001,500,64,reconstruction,0.1
2,2,0.0976,256,2,0.5,0.005,0.001,500,64,reconstruction,0.1
2,3,0.1058,256,2,0.5,0.005,0.001,500,64,reconstruction,0.1
2,4,0.0978,256,2,0.5,0.005,0.001,500,64,reconstruction,0.1
3,0,0.0708,128,4,0.5,0.005,0.001,300,128,contrastive,0.1
3,1,0.0547,128,4,0.5,0.005,0.001,300,128,contrastive,0.1
3,2,0.0665,128,4,0.5,0.005,0.001,300,128,contrastive,0.1
3,3,0.0572,128,4,0.5,0.005,0.001,300,128,contrastive,0.1
3,4,0.0373,128,4,0.5,0.005,0.001,300,128,contrastive,0.1
4,0,0.067,128,5,0.3,0.001,0.001,500,128,reconstruction,0.5
4,1,0.0627,128,5,0.3,0.001,0.001,500,128,reconstruction,0.5
4,2,0.1248,128,5,0.3,0.001,0.001,500,128,reconstruction,0.5
4,3,0.1999,128,5,0.3,0.001,0.001,500,128,reconstruction,0.5
4,4,0.3296,128,5,0.3,0.001,0.001,500,128,reconstruction,0.5
5,0,0.0707,256,2,0.3,0.005,0.0001,300,128,reconstruction,0.5
5,1,0.1948,256,2,0.3,0.005,0.0001,300,128,reconstruction,0.5
5,2,0.1365,256,2,0.3,0.005,0.0001,300,128,reconstruction,0.5
5,3,0.0987,256,2,0.3,0.005,0.0001,300,128,reconstruction,0.5
5,4,0.2378,256,2,0.3,0.005,0.0001,300,128,reconstruction,0.5
6,0,0.1738,256,5,0.3,0.001,0.001,300,64,contrastive,0.1
6,1,0.0517,256,5,0.3,0.001,0.001,300,64,contrastive,0.1
6,2,0.1079,256,5,0.3,0.001,0.001,300,64,contrastive,0.1
6,3,0.0576,256,5,0.3,0.001,0.001,300,64,contrastive,0.1
6,4,0.0745,256,5,0.3,0.001,0.001,300,64,contrastive,0.1
7,0,0.2509,256,3,0.3,0.001,0.0001,500,128,contrastive,0.1
7,1,0.058,256,3,0.3,0.001,0.0001,500,128,contrastive,0.1
7,2,0.1718,256,3,0.3,0.001,0.0001,500,128,contrastive,0.1
7,3,0.1883,256,3,0.3,0.001,0.0001,500,128,contrastive,0.1
7,4,0.1743,256,3,0.3,0.001,0.0001,500,128,contrastive,0.1
8,0,0.0357,64,4,0.3,0.001,0.001,300,64,reconstruction,0.1
8,1,0.0602,64,4,0.3,0.001,0.001,300,64,reconstruction,0.1
8,2,0.0603,64,4,0.3,0.001,0.001,300,64,reconstruction,0.1
8,3,0.0309,64,4,0.3,0.001,0.001,300,64,reconstruction,0.1
8,4,0.0598,64,4,0.3,0.001,0.001,300,64,reconstruction,0.1
9,0,0.13,256,2,0.3,0.005,0.0001,100,64,contrastive,0.1
9,1,0.0674,256,2,0.3,0.005,0.0001,100,64,contrastive,0.1
9,2,0.0774,256,2,0.3,0.005,0.0001,100,64,contrastive,0.1
9,3,0.0472,256,2,0.3,0.005,0.0001,100,64,contrastive,0.1
9,4,0.2136,256,2,0.3,0.005,0.0001,100,64,contrastive,0.1
10,0,0.0239,64,4,0.3,0.005,0.001,700,128,contrastive,0.1
10,1,0.0056,64,4,0.3,0.005,0.001,700,128,contrastive,0.1
10,2,0.0138,64,4,0.3,0.005,0.001,700,128,contrastive,0.1
10,3,0.0041,64,4,0.3,0.005,0.001,700,128,contrastive,0.1
10,4,0.1592,64,4,0.3,0.005,0.001,700,128,contrastive,0.1
11,0,0.1766,256,3,0.5,0.005,0.001,700,128,contrastive,0.1
11,1,0.1893,256,3,0.5,0.005,0.001,700,128,contrastive,0.1
11,2,0.2023,256,3,0.5,0.005,0.001,700,128,contrastive,0.1
11,3,0.0853,256,3,0.5,0.005,0.001,700,128,contrastive,0.1
11,4,0.1133,256,3,0.5,0.005,0.001,700,128,contrastive,0.1
12,0,0.1577,256,6,0.5,0.001,0.001,500,64,contrastive,0.5
12,1,0.1002,256,6,0.5,0.001,0.001,500,64,contrastive,0.5
12,2,0.0992,256,6,0.5,0.001,0.001,500,64,contrastive,0.5
12,3,0.1304,256,6,0.5,0.001,0.001,500,64,contrastive,0.5
12,4,0.0579,256,6,0.5,0.001,0.001,500,64,contrastive,0.5
13,0,0.1545,128,5,0.5,0.005,0.001,100,64,contrastive,0.5
13,1,0.0267,128,5,0.5,0.005,0.001,100,64,contrastive,0.5
13,2,0.1219,128,5,0.5,0.005,0.001,100,64,contrastive,0.5
13,3,0.0161,128,5,0.5,0.005,0.001,100,64,contrastive,0.5
13,4,0.0246,128,5,0.5,0.005,0.001,100,64,contrastive,0.5
14,0,0.0889,128,5,0.3,0.005,0.001,100,128,contrastive,0.1
14,1,0.1279,128,5,0.3,0.005,0.001,100,128,contrastive,0.1
14,2,0.1206,128,5,0.3,0.005,0.001,100,128,contrastive,0.1
14,3,0.1301,128,5,0.3,0.005,0.001,100,128,contrastive,0.1
14,4,0.0965,128,5,0.3,0.005,0.001,100,128,contrastive,0.1
15,0,0.2037,128,6,0.5,0.005,0.001,100,128,reconstruction,0.1
15,1,0.0873,128,6,0.5,0.005,0.001,100,128,reconstruction,0.1
15,2,0.104,128,6,0.5,0.005,0.001,100,128,reconstruction,0.1
15,3,0.1537,128,6,0.5,0.005,0.001,100,128,reconstruction,0.1
15,4,0.0168,128,6,0.5,0.005,0.001,100,128,reconstruction,0.1
16,0,0.0418,256,4,0.3,0.005,0.0001,300,64,reconstruction,0.1
16,1,0.0795,256,4,0.3,0.005,0.0001,300,64,reconstruction,0.1
16,2,0.0948,256,4,0.3,0.005,0.0001,300,64,reconstruction,0.1
16,3,0.1544,256,4,0.3,0.005,0.0001,300,64,reconstruction,0.1
16,4,0.1579,256,4,0.3,0.005,0.0001,300,64,reconstruction,0.1
17,0,0.059,128,5,0.3,0.005,0.0001,700,128,contrastive,0.1
17,1,0.1076,128,5,0.3,0.005,0.0001,700,128,contrastive,0.1
17,2,0.0357,128,5,0.3,0.005,0.0001,700,128,contrastive,0.1
17,3,0.0852,128,5,0.3,0.005,0.0001,700,128,contrastive,0.1
17,4,0.0315,128,5,0.3,0.005,0.0001,700,128,contrastive,0.1
18,0,0.1552,256,2,0.5,0.001,0.001,100,128,reconstruction,0.5
18,1,0.1188,256,2,0.5,0.001,0.001,100,128,reconstruction,0.5
18,2,0.2261,256,2,0.5,0.001,0.001,100,128,reconstruction,0.5
18,3,0.0789,256,2,0.5,0.001,0.001,100,128,reconstruction,0.5
18,4,0.0864,256,2,0.5,0.001,0.001,100,128,reconstruction,0.5
19,0,0.1766,256,6,0.3,0.005,0.0001,500,128,contrastive,0.5
19,1,0.1245,256,6,0.3,0.005,0.0001,500,128,contrastive,0.5
19,2,0.1429,256,6,0.3,0.005,0.0001,500,128,contrastive,0.5
19,3,0.1113,256,6,0.3,0.005,0.0001,500,128,contrastive,0.5
19,4,0.1374,256,6,0.3,0.005,0.0001,500,128,contrastive,0.5
20,0,0.1935,256,3,0.5,0.005,0.001,300,128,reconstruction,0.5
20,1,0.1157,256,3,0.5,0.005,0.001,300,128,reconstruction,0.5
20,2,0.1307,256,3,0.5,0.005,0.001,300,128,reconstruction,0.5
20,3,0.1085,256,3,0.5,0.005,0.001,300,128,reconstruction,0.5
20,4,0.1119,256,3,0.5,0.005,0.001,300,128,reconstruction,0.5
21,0,0.2165,256,3,0.3,0.001,0.0001,100,128,reconstruction,0.1
21,1,0.1239,256,3,0.3,0.001,0.0001,100,128,reconstruction,0.1
21,2,0.0748,256,3,0.3,0.001,0.0001,100,128,reconstruction,0.1
21,3,0.1564,256,3,0.3,0.001,0.0001,100,128,reconstruction,0.1
21,4,0.2325,256,3,0.3,0.001,0.0001,100,128,reconstruction,0.1
22,0,0.0851,128,5,0.3,0.005,0.001,300,128,contrastive,0.5
22,1,0.0738,128,5,0.3,0.005,0.001,300,128,contrastive,0.5
22,2,0.0418,128,5,0.3,0.005,0.001,300,128,contrastive,0.5
22,3,0.0948,128,5,0.3,0.005,0.001,300,128,contrastive,0.5
22,4,0.0642,128,5,0.3,0.005,0.001,300,128,contrastive,0.5
23,0,0.1802,128,3,0.3,0.001,0.0001,500,64,contrastive,0.5
23,1,0.0713,128,3,0.3,0.001,0.0001,500,64,contrastive,0.5
23,2,0.0817,128,3,0.3,0.001,0.0001,500,64,contrastive,0.5
23,3,0.0458,128,3,0.3,0.001,0.0001,500,64,contrastive,0.5
23,4,0.0376,128,3,0.3,0.001,0.0001,500,64,contrastive,0.5
24,0,0.0153,128,5,0.3,0.005,0.0001,100,64,reconstruction,0.1
24,1,0.0766,128,5,0.3,0.005,0.0001,100,64,reconstruction,0.1
24,2,0.1056,128,5,0.3,0.005,0.0001,100,64,reconstruction,0.1
24,3,0.1153,128,5,0.3,0.005,0.0001,100,64,reconstruction,0.1
24,4,0.107,128,5,0.3,0.005,0.0001,100,64,reconstruction,0.1
25,0,0.0185,64,4,0.3,0.001,0.001,700,128,reconstruction,0.5
25,1,0.0322,64,4,0.3,0.001,0.001,700,128,reconstruction,0.5
25,2,0.0195,64,4,0.3,0.001,0.001,700,128,reconstruction,0.5
25,3,0.1391,64,4,0.3,0.001,0.001,700,128,reconstruction,0.5
25,4,0.1132,64,4,0.3,0.001,0.001,700,128,reconstruction,0.5
26,0,0.1802,256,5,0.5,0.001,0.0001,300,128,reconstruction,0.5
26,1,0.1491,256,5,0.5,0.001,0.0001,300,128,reconstruction,0.5
26,2,0.2029,256,5,0.5,0.001,0.0001,300,128,reconstruction,0.5
26,3,0.0664,256,5,0.5,0.001,0.0001,300,128,reconstruction,0.5
26,4,0.1241,256,5,0.5,0.001,0.0001,300,128,reconstruction,0.5
27,0,0.0787,256,4,0.3,0.005,0.0001,700,64,contrastive,0.1
27,1,0.0838,256,4,0.3,0.005,0.0001,700,64,contrastive,0.1
27,2,0.0942,256,4,0.3,0.005,0.0001,700,64,contrastive,0.1
27,3,0.0799,256,4,0.3,0.005,0.0001,700,64,contrastive,0.1
27,4,0.1245,256,4,0.3,0.005,0.0001,700,64,contrastive,0.1
28,0,0.1479,256,2,0.5,0.005,0.001,500,128,contrastive,0.5
28,1,0.1342,256,2,0.5,0.005,0.001,500,128,contrastive,0.5
28,2,0.1222,256,2,0.5,0.005,0.001,500,128,contrastive,0.5
28,3,0.1251,256,2,0.5,0.005,0.001,500,128,contrastive,0.5
28,4,0.1861,256,2,0.5,0.005,0.001,500,128,contrastive,0.5
29,0,0.0647,128,4,0.5,0.001,0.0001,300,64,reconstruction,0.1
29,1,0.0859,128,4,0.5,0.001,0.0001,300,64,reconstruction,0.1
29,2,0.0545,128,4,0.5,0.001,0.0001,300,64,reconstruction,0.1
29,3,0.0848,128,4,0.5,0.001,0.0001,300,64,reconstruction,0.1
29,4,0.0094,128,4,0.5,0.001,0.0001,300,64,reconstruction,0.1
30,0,0.1624,64,4,0.5,0.001,0.0001,700,128,reconstruction,0.1
30,1,0.0923,64,4,0.5,0.001,0.0001,700,128,reconstruction,0.1
30,2,0.0732,64,4,0.5,0.001,0.0001,700,128,reconstruction,0.1
30,3,0.0378,64,4,0.5,0.001,0.0001,700,128,reconstruction,0.1
30,4,0.0377,64,4,0.5,0.001,0.0001,700,128,reconstruction,0.1
31,0,0.0761,128,5,0.5,0.001,0.001,500,128,reconstruction,0.5
31,1,0.1031,128,5,0.5,0.001,0.001,500,128,reconstruction,0.5
31,2,0.1208,128,5,0.5,0.001,0.001,500,128,reconstruction,0.5
31,3,0.1698,128,5,0.5,0.001,0.001,500,128,reconstruction,0.5
31,4,0.1467,128,5,0.5,0.001,0.001,500,128,reconstruction,0.5
32,0,0.0074,128,2,0.5,0.005,0.0001,700,128,contrastive,0.5
32,1,0.1349,128,2,0.5,0.005,0.0001,700,128,contrastive,0.5
32,2,0.1161,128,2,0.5,0.005,0.0001,700,128,contrastive,0.5
32,3,0.0869,128,2,0.5,0.005,0.0001,700,128,contrastive,0.5
32,4,0.1907,128,2,0.5,0.005,0.0001,700,128,contrastive,0.5
33,0,0.0757,128,4,0.5,0.001,0.001,700,128,contrastive,0.1
33,1,0.0872,128,4,0.5,0.001,0.001,700,128,contrastive,0.1
33,2,0.0299,128,4,0.5,0.001,0.001,700,128,contrastive,0.1
33,3,0.0375,128,4,0.5,0.001,0.001,700,128,contrastive,0.1
33,4,0.1151,128,4,0.5,0.001,0.001,700,128,contrastive,0.1
34,0,0.0875,64,3,0.3,0.005,0.001,100,64,reconstruction,0.1
34,1,0.0086,64,3,0.3,0.005,0.001,100,64,reconstruction,0.1
34,2,0.0757,64,3,0.3,0.005,0.001,100,64,reconstruction,0.1
34,3,0.0551,64,3,0.3,0.005,0.001,100,64,reconstruction,0.1
34,4,0.0574,64,3,0.3,0.005,0.001,100,64,reconstruction,0.1
35,0,0.1106,256,2,0.3,0.005,0.0001,300,128,contrastive,0.5
35,1,0.1754,256,2,0.3,0.005,0.0001,300,128,contrastive,0.5
35,2,0.1174,256,2,0.3,0.005,0.0001,300,128,contrastive,0.5
35,3,0.2139,256,2,0.3,0.005,0.0001,300,128,contrastive,0.5
35,4,0.0678,256,2,0.3,0.005,0.0001,300,128,contrastive,0.5
36,0,0.0099,128,2,0.3,0.005,0.001,700,64,contrastive,0.5
36,1,0.0448,128,2,0.3,0.005,0.001,700,64,contrastive,0.5
36,2,0.1975,128,2,0.3,0.005,0.001,700,64,contrastive,0.5
36,3,0.0868,128,2,0.3,0.005,0.001,700,64,contrastive,0.5
36,4,0.1301,128,2,0.3,0.005,0.001,700,64,contrastive,0.5
37,0,0.0468,256,2,0.5,0.001,0.001,500,64,reconstruction,0.5
37,1,0.062,256,2,0.5,0.001,0.001,500,64,reconstruction,0.5
37,2,0.1568,256,2,0.5,0.001,0.001,500,64,reconstruction,0.5
37,3,0.0913,256,2,0.5,0.001,0.001,500,64,reconstruction,0.5
37,4,0.1058,256,2,0.5,0.001,0.001,500,64,reconstruction,0.5
38,0,0.017,128,3,0.3,0.001,0.001,700,128,reconstruction,0.1
38,1,0.1679,128,3,0.3,0.001,0.001,700,128,reconstruction,0.1
38,2,0.0453,128,3,0.3,0.001,0.001,700,128,reconstruction,0.1
38,3,0.1137,128,3,0.3,0.001,0.001,700,128,reconstruction,0.1
38,4,0.1717,128,3,0.3,0.001,0.001,700,128,reconstruction,0.1
39,0,0.1976,256,3,0.3,0.005,0.001,100,128,reconstruction,0.1
39,1,0.1461,256,3,0.3,0.005,0.001,100,128,reconstruction,0.1
39,2,0.2086,256,3,0.3,0.005,0.001,100,128,reconstruction,0.1
39,3,0.1782,256,3,0.3,0.005,0.001,100,128,reconstruction,0.1
39,4,0.1968,256,3,0.3,0.005,0.001,100,128,reconstruction,0.1
40,0,0.1508,256,5,0.5,0.001,0.0001,500,128,contrastive,0.5
40,1,0.1983,256,5,0.5,0.001,0.0001,500,128,contrastive,0.5
40,2,0.0657,256,5,0.5,0.001,0.0001,500,128,contrastive,0.5
40,3,0.1775,256,5,0.5,0.001,0.0001,500,128,contrastive,0.5
40,4,0.3261,256,5,0.5,0.001,0.0001,500,128,contrastive,0.5
41,0,0.1213,256,6,0.5,0.005,0.001,500,128,reconstruction,0.5
41,1,0.1056,256,6,0.5,0.005,0.001,500,128,reconstruction,0.5
41,2,0.0949,256,6,0.5,0.005,0.001,500,128,reconstruction,0.5
41,3,0.1213,256,6,0.5,0.005,0.001,500,128,reconstruction,0.5
41,4,0.1063,256,6,0.5,0.005,0.001,500,128,reconstruction,0.5
42,0,0.0893,128,3,0.3,0.001,0.0001,300,64,contrastive,0.5
42,1,0.0671,128,3,0.3,0.001,0.0001,300,64,contrastive,0.5
42,2,0.1055,128,3,0.3,0.001,0.0001,300,64,contrastive,0.5
42,3,0.207,128,3,0.3,0.001,0.0001,300,64,contrastive,0.5
42,4,0.1421,128,3,0.3,0.001,0.0001,300,64,contrastive,0.5
43,0,0.026,256,2,0.3,0.005,0.0001,100,128,contrastive,0.5
43,1,0.0679,256,2,0.3,0.005,0.0001,100,128,contrastive,0.5
43,2,0.2281,256,2,0.3,0.005,0.0001,100,128,contrastive,0.5
43,3,0.0836,256,2,0.3,0.005,0.0001,100,128,contrastive,0.5
43,4,0.0917,256,2,0.3,0.005,0.0001,100,128,contrastive,0.5
44,0,0.0942,64,5,0.3,0.005,0.0001,700,128,contrastive,0.5
44,1,0.0151,64,5,0.3,0.005,0.0001,700,128,contrastive,0.5
44,2,0.0462,64,5,0.3,0.005,0.0001,700,128,contrastive,0.5
44,3,0.0937,64,5,0.3,0.005,0.0001,700,128,contrastive,0.5
44,4,0.0883,64,5,0.3,0.005,0.0001,700,128,contrastive,0.5
45,0,0.0473,256,6,0.3,0.005,0.001,700,64,contrastive,0.5
45,1,0.0112,256,6,0.3,0.005,0.001,700,64,contrastive,0.5
45,2,0.1433,256,6,0.3,0.005,0.001,700,64,contrastive,0.5
45,3,0.0723,256,6,0.3,0.005,0.001,700,64,contrastive,0.5
45,4,0.0769,256,6,0.3,0.005,0.001,700,64,contrastive,0.5
46,0,0.0975,128,4,0.5,0.001,0.0001,300,128,reconstruction,0.1
46,1,0.1208,128,4,0.5,0.001,0.0001,300,128,reconstruction,0.1
46,2,0.1603,128,4,0.5,0.001,0.0001,300,128,reconstruction,0.1
46,3,0.127,128,4,0.5,0.001,0.0001,300,128,reconstruction,0.1
46,4,0.1978,128,4,0.5,0.001,0.0001,300,128,reconstruction,0.1
47,0,0.1269,128,6,0.5,0.005,0.0001,300,64,reconstruction,0.1
47,1,0.0136,128,6,0.5,0.005,0.0001,300,64,reconstruction,0.1
47,2,0.1381,128,6,0.5,0.005,0.0001,300,64,reconstruction,0.1
47,3,0.0511,128,6,0.5,0.005,0.0001,300,64,reconstruction,0.1
47,4,0.0646,128,6,0.5,0.005,0.0001,300,64,reconstruction,0.1
48,0,0.0914,64,6,0.3,0.001,0.0001,300,128,reconstruction,0.5
48,1,0.0131,64,6,0.3,0.001,0.0001,300,128,reconstruction,0.5
48,2,0.0752,64,6,0.3,0.001,0.0001,300,128,reconstruction,0.5
48,3,0.0488,64,6,0.3,0.001,0.0001,300,128,reconstruction,0.5
48,4,0.0516,64,6,0.3,0.001,0.0001,300,128,reconstruction,0.5
49,0,0.0753,256,3,0.3,0.005,0.001,700,64,contrastive,0.1
49,1,0.1576,256,3,0.3,0.005,0.001,700,64,contrastive,0.1
49,2,0.1464,256,3,0.3,0.005,0.001,700,64,contrastive,0.1
49,3,0.0868,256,3,0.3,0.005,0.001,700,64,contrastive,0.1
49,4,0.054,256,3,0.3,0.005,0.001,700,64,contrastive,0.1
50,0,0.0948,128,4,0.5,0.001,0.001,300,128,contrastive,0.5
50,1,0.066,128,4,0.5,0.001,0.001,300,128,contrastive,0.5
50,2,0.0897,128,4,0.5,0.001,0.001,300,128,contrastive,0.5
50,3,0.1133,128,4,0.5,0.001,0.001,300,128,contrastive,0.5
50,4,0.1606,128,4,0.5,0.001,0.001,300,128,contrastive,0.5
51,0,0.1915,256,5,0.5,0.005,0.0001,700,128,contrastive,0.1
51,1,0.0939,256,5,0.5,0.005,0.0001,700,128,contrastive,0.1
51,2,0.1301,256,5,0.5,0.005,0.0001,700,128,contrastive,0.1
51,3,0.2102,256,5,0.5,0.005,0.0001,700,128,contrastive,0.1
51,4,0.1024,256,5,0.5,0.005,0.0001,700,128,contrastive,0.1
52,0,0.0624,64,3,0.3,0.001,0.001,500,64,reconstruction,0.1
52,1,0.0782,64,3,0.3,0.001,0.001,500,64,reconstruction,0.1
52,2,0.0565,64,3,0.3,0.001,0.001,500,64,reconstruction,0.1
52,3,0.0093,64,3,0.3,0.001,0.001,500,64,reconstruction,0.1
52,4,0.031,64,3,0.3,0.001,0.001,500,64,reconstruction,0.1
53,0,0.1586,64,6,0.5,0.001,0.001,300,128,reconstruction,0.5
53,1,0.05,64,6,0.5,0.001,0.001,300,128,reconstruction,0.5
53,2,0.1696,64,6,0.5,0.001,0.001,300,128,reconstruction,0.5
53,3,0.0291,64,6,0.5,0.001,0.001,300,128,reconstruction,0.5
53,4,0.0067,64,6,0.5,0.001,0.001,300,128,reconstruction,0.5
54,0,0.0054,128,2,0.3,0.001,0.0001,300,64,contrastive,0.1
54,1,0.0968,128,2,0.3,0.001,0.0001,300,64,contrastive,0.1
54,2,0.0962,128,2,0.3,0.001,0.0001,300,64,contrastive,0.1
54,3,0.0385,128,2,0.3,0.001,0.0001,300,64,contrastive,0.1
54,4,0.0823,128,2,0.3,0.001,0.0001,300,64,contrastive,0.1
55,0,0.0247,128,2,0.5,0.001,0.0001,100,64,contrastive,0.5
55,1,0.0209,128,2,0.5,0.001,0.0001,100,64,contrastive,0.5
55,2,0.1018,128,2,0.5,0.001,0.0001,100,64,contrastive,0.5
55,3,0.0922,128,2,0.5,0.001,0.0001,100,64,contrastive,0.5
55,4,0.1323,128,2,0.5,0.001,0.0001,100,64,contrastive,0.5
56,0,0.03,64,5,0.5,0.001,0.001,100,128,contrastive,0.1
56,1,0.1159,64,5,0.5,0.001,0.001,100,128,contrastive,0.1
56,2,0.0387,64,5,0.5,0.001,0.001,100,128,contrastive,0.1
56,3,0.0402,64,5,0.5,0.001,0.001,100,128,contrastive,0.1
56,4,0.017,64,5,0.5,0.001,0.001,100,128,contrastive,0.1
57,0,0.0864,256,5,0.3,0.001,0.001,700,64,contrastive,0.5
57,1,0.0501,256,5,0.3,0.001,0.001,700,64,contrastive,0.5
57,2,0.0422,256,5,0.3,0.001,0.001,700,64,contrastive,0.5
57,3,0.1195,256,5,0.3,0.001,0.001,700,64,contrastive,0.5
57,4,0.1498,256,5,0.3,0.001,0.001,700,64,contrastive,0.5
58,0,0.1112,64,4,0.5,0.005,0.0001,300,128,contrastive,0.1
58,1,0.0252,64,4,0.5,0.005,0.0001,300,128,contrastive,0.1
58,2,0.0491,64,4,0.5,0.005,0.0001,300,128,contrastive,0.1
58,3,0.0202,64,4,0.5,0.005,0.0001,300,128,contrastive,0.1
58,4,0.0485,64,4,0.5,0.005,0.0001,300,128,contrastive,0.1
59,0,0.0444,64,4,0.3,0.005,0.0001,700,64,contrastive,0.1
59,1,0.0904,64,4,0.3,0.005,0.0001,700,64,contrastive,0.1
59,2,0.0337,64,4,0.3,0.005,0.0001,700,64,contrastive,0.1
59,3,0.089,64,4,0.3,0.005,0.0001,700,64,contrastive,0.1
59,4,0.0691,64,4,0.3,0.005,0.0001,700,64,contrastive,0.1
60,0,0.0996,64,6,0.3,0.005,0.0001,500,64,reconstruction,0.1
60,1,0.0139,64,6,0.3,0.005,0.0001,500,64,reconstruction,0.1
60,2,0.0959,64,6,0.3,0.005,0.0001,500,64,reconstruction,0.1
60,3,0.0271,64,6,0.3,0.005,0.0001,500,64,reconstruction,0.1
60,4,0.0324,64,6,0.3,0.005,0.0001,500,64,reconstruction,0.1
61,0,0.1411,128,3,0.3,0.005,0.0001,300,64,contrastive,0.5
61,1,0.0327,128,3,0.3,0.005,0.0001,300,64,contrastive,0.5
61,2,0.0728,128,3,0.3,0.005,0.0001,300,64,contrastive,0.5
61,3,0.063,128,3,0.3,0.005,0.0001,300,64,contrastive,0.5
61,4,0.1173,128,3,0.3,0.005,0.0001,300,64,contrastive,0.5
62,0,0.0529,64,2,0.3,0.005,0.001,500,128,contrastive,0.5
62,1,0.0495,64,2,0.3,0.005,0.001,500,128,contrastive,0.5
62,2,0.0255,64,2,0.3,0.005,0.001,500,128,contrastive,0.5
62,3,0.1049,64,2,0.3,0.005,0.001,500,128,contrastive,0.5
62,4,0.0506,64,2,0.3,0.005,0.001,500,128,contrastive,0.5
63,0,0.1252,256,3,0.5,0.001,0.001,500,64,contrastive,0.5
63,1,0.144,256,3,0.5,0.001,0.001,500,64,contrastive,0.5
63,2,0.1208,256,3,0.5,0.001,0.001,500,64,contrastive,0.5
63,3,0.038,256,3,0.5,0.001,0.001,500,64,contrastive,0.5
63,4,0.0368,256,3,0.5,0.001,0.001,500,64,contrastive,0.5
64,0,0.1782,256,4,0.5,0.001,0.0001,300,128,contrastive,0.1
64,1,0.2017,256,4,0.5,0.001,0.0001,300,128,contrastive,0.1
64,2,0.2039,256,4,0.5,0.001,0.0001,300,128,contrastive,0.1
64,3,0.1383,256,4,0.5,0.001,0.0001,300,128,contrastive,0.1
64,4,0.1361,256,4,0.5,0.001,0.0001,300,128,contrastive,0.1
65,0,0.0681,128,6,0.5,0.001,0.0001,100,128,contrastive,0.5
65,1,0.0216,128,6,0.5,0.001,0.0001,100,128,contrastive,0.5
65,2,0.0401,128,6,0.5,0.001,0.0001,100,128,contrastive,0.5
65,3,0.069,128,6,0.5,0.001,0.0001,100,128,contrastive,0.5
65,4,0.1846,128,6,0.5,0.001,0.0001,100,128,contrastive,0.5
66,0,0.0435,128,5,0.3,0.001,0.0001,700,64,contrastive,0.5
66,1,0.1441,128,5,0.3,0.001,0.0001,700,64,contrastive,0.5
66,2,0.0191,128,5,0.3,0.001,0.0001,700,64,contrastive,0.5
66,3,0.059,128,5,0.3,0.001,0.0001,700,64,contrastive,0.5
66,4,0.0712,128,5,0.3,0.001,0.0001,700,64,contrastive,0.5
67,0,0.1857,256,2,0.5,0.005,0.001,700,128,contrastive,0.1
67,1,0.2703,256,2,0.5,0.005,0.001,700,128,contrastive,0.1
67,2,0.157,256,2,0.5,0.005,0.001,700,128,contrastive,0.1
67,3,0.0435,256,2,0.5,0.005,0.001,700,128,contrastive,0.1
67,4,0.2099,256,2,0.5,0.005,0.001,700,128,contrastive,0.1
68,0,0.0872,256,2,0.3,0.005,0.001,700,64,contrastive,0.5
68,1,0.0418,256,2,0.3,0.005,0.001,700,64,contrastive,0.5
68,2,0.0981,256,2,0.3,0.005,0.001,700,64,contrastive,0.5
68,3,0.0253,256,2,0.3,0.005,0.001,700,64,contrastive,0.5
68,4,0.0505,256,2,0.3,0.005,0.001,700,64,contrastive,0.5
69,0,0.0625,256,4,0.3,0.001,0.0001,700,64,reconstruction,0.1
69,1,0.0403,256,4,0.3,0.001,0.0001,700,64,reconstruction,0.1
69,2,0.0435,256,4,0.3,0.001,0.0001,700,64,reconstruction,0.1
69,3,0.1436,256,4,0.3,0.001,0.0001,700,64,reconstruction,0.1
69,4,0.087,256,4,0.3,0.001,0.0001,700,64,reconstruction,0.1
70,0,0.1173,128,2,0.3,0.005,0.0001,100,128,reconstruction,0.1
70,1,0.0813,128,2,0.3,0.005,0.0001,100,128,reconstruction,0.1
70,2,0.2008,128,2,0.3,0.005,0.0001,100,128,reconstruction,0.1
70,3,0.0081,128,2,0.3,0.005,0.0001,100,128,reconstruction,0.1
70,4,0.0757,128,2,0.3,0.005,0.0001,100,128,reconstruction,0.1
71,0,0.0334,128,4,0.5,0.001,0.001,100,64,contrastive,0.1
71,1,0.043,128,4,0.5,0.001,0.001,100,64,contrastive,0.1
71,2,0.1125,128,4,0.5,0.001,0.001,100,64,contrastive,0.1
71,3,0.1066,128,4,0.5,0.001,0.001,100,64,contrastive,0.1
71,4,0.0293,128,4,0.5,0.001,0.001,100,64,contrastive,0.1
72,0,0.0164,64,6,0.5,0.001,0.001,100,128,reconstruction,0.1
72,1,0.0258,64,6,0.5,0.001,0.001,100,128,reconstruction,0.1
72,2,0.0428,64,6,0.5,0.001,0.001,100,128,reconstruction,0.1
72,3,0.1482,64,6,0.5,0.001,0.001,100,128,reconstruction,0.1
72,4,0.0211,64,6,0.5,0.001,0.001,100,128,reconstruction,0.1
73,0,0.063,256,2,0.5,0.001,0.001,300,64,contrastive,0.1
73,1,0.106,256,2,0.5,0.001,0.001,300,64,contrastive,0.1
73,2,0.0699,256,2,0.5,0.001,0.001,300,64,contrastive,0.1
73,3,0.0208,256,2,0.5,0.001,0.001,300,64,contrastive,0.1
73,4,0.166,256,2,0.5,0.001,0.001,300,64,contrastive,0.1
74,0,0.0643,64,4,0.5,0.001,0.001,300,64,contrastive,0.5
74,1,0.1,64,4,0.5,0.001,0.001,300,64,contrastive,0.5
74,2,0.0721,64,4,0.5,0.001,0.001,300,64,contrastive,0.5
74,3,0.0804,64,4,0.5,0.001,0.001,300,64,contrastive,0.5
74,4,0.0021,64,4,0.5,0.001,0.001,300,64,contrastive,0.5
75,0,0.0086,64,2,0.3,0.001,0.0001,500,128,reconstruction,0.1
75,1,0.0076,64,2,0.3,0.001,0.0001,500,128,reconstruction,0.1
75,2,0.0337,64,2,0.3,0.001,0.0001,500,128,reconstruction,0.1
75,3,0.0185,64,2,0.3,0.001,0.0001,500,128,reconstruction,0.1
75,4,0.1128,64,2,0.3,0.001,0.0001,500,128,reconstruction,0.1
76,0,0.073,128,4,0.5,0.001,0.001,700,64,contrastive,0.1
76,1,0.1119,128,4,0.5,0.001,0.001,700,64,contrastive,0.1
76,2,0.1031,128,4,0.5,0.001,0.001,700,64,contrastive,0.1
76,3,0.0755,128,4,0.5,0.001,0.001,700,64,contrastive,0.1
76,4,0.0582,128,4,0.5,0.001,0.001,700,64,contrastive,0.1
77,0,0.0539,64,3,0.3,0.005,0.001,100,128,reconstruction,0.5
77,1,0.0779,64,3,0.3,0.005,0.001,100,128,reconstruction,0.5
77,2,0.0213,64,3,0.3,0.005,0.001,100,128,reconstruction,0.5
77,3,0.0405,64,3,0.3,0.005,0.001,100,128,reconstruction,0.5
77,4,0.1182,64,3,0.3,0.005,0.001,100,128,reconstruction,0.5
78,0,0.0446,128,2,0.5,0.005,0.001,700,64,reconstruction,0.1
78,1,0.0382,128,2,0.5,0.005,0.001,700,64,reconstruction,0.1
78,2,0.0717,128,2,0.5,0.005,0.001,700,64,reconstruction,0.1
78,3,0.1144,128,2,0.5,0.005,0.001,700,64,reconstruction,0.1
78,4,0.0856,128,2,0.5,0.005,0.001,700,64,reconstruction,0.1
79,0,0.1371,256,6,0.3,0.001,0.001,700,64,reconstruction,0.1
79,1,0.1098,256,6,0.3,0.001,0.001,700,64,reconstruction,0.1
79,2,0.1013,256,6,0.3,0.001,0.001,700,64,reconstruction,0.1
79,3,0.1016,256,6,0.3,0.001,0.001,700,64,reconstruction,0.1
79,4,0.1564,256,6,0.3,0.001,0.001,700,64,reconstruction,0.1
80,0,0.0907,64,3,0.5,0.005,0.0001,100,64,contrastive,0.5
80,1,0.0257,64,3,0.5,0.005,0.0001,100,64,contrastive,0.5
80,2,0.0658,64,3,0.5,0.005,0.0001,100,64,contrastive,0.5
80,3,0.1068,64,3,0.5,0.005,0.0001,100,64,contrastive,0.5
80,4,0.0664,64,3,0.5,0.005,0.0001,100,64,contrastive,0.5
81,0,0.0723,256,5,0.5,0.005,0.001,100,128,reconstruction,0.5
81,1,0.2403,256,5,0.5,0.005,0.001,100,128,reconstruction,0.5
81,2,0.2012,256,5,0.5,0.005,0.001,100,128,reconstruction,0.5
81,3,0.1208,256,5,0.5,0.005,0.001,100,128,reconstruction,0.5
81,4,0.1279,256,5,0.5,0.005,0.001,100,128,reconstruction,0.5
82,0,0.0249,128,4,0.5,0.001,0.0001,500,128,reconstruction,0.5
82,1,0.1991,128,4,0.5,0.001,0.0001,500,128,reconstruction,0.5
82,2,0.0729,128,4,0.5,0.001,0.0001,500,128,reconstruction,0.5
82,3,0.1521,128,4,0.5,0.001,0.0001,500,128,reconstruction,0.5
82,4,0.1676,128,4,0.5,0.001,0.0001,500,128,reconstruction,0.5
83,0,0.1153,256,5,0.3,0.005,0.0001,500,128,reconstruction,0.1
83,1,0.0868,256,5,0.3,0.005,0.0001,500,128,reconstruction,0.1
83,2,0.0541,256,5,0.3,0.005,0.0001,500,128,reconstruction,0.1
83,3,0.205,256,5,0.3,0.005,0.0001,500,128,reconstruction,0.1
83,4,0.2037,256,5,0.3,0.005,0.0001,500,128,reconstruction,0.1
84,0,0.0671,64,2,0.3,0.005,0.001,500,64,contrastive,0.1
84,1,0.0654,64,2,0.3,0.005,0.001,500,64,contrastive,0.1
84,2,0.0463,64,2,0.3,0.005,0.001,500,64,contrastive,0.1
84,3,0.0946,64,2,0.3,0.005,0.001,500,64,contrastive,0.1
84,4,0.0376,64,2,0.3,0.005,0.001,500,64,contrastive,0.1
85,0,0.0031,256,2,0.5,0.005,0.0001,100,64,reconstruction,0.5
85,1,0.2039,256,2,0.5,0.005,0.0001,100,64,reconstruction,0.5
85,2,0.0765,256,2,0.5,0.005,0.0001,100,64,reconstruction,0.5
85,3,0.0311,256,2,0.5,0.005,0.0001,100,64,reconstruction,0.5
85,4,0.1643,256,2,0.5,0.005,0.0001,100,64,reconstruction,0.5
86,0,0.0099,64,3,0.5,0.005,0.001,700,64,reconstruction,0.5
86,1,0.0506,64,3,0.5,0.005,0.001,700,64,reconstruction,0.5
86,2,0.0102,64,3,0.5,0.005,0.001,700,64,reconstruction,0.5
86,3,0.0142,64,3,0.5,0.005,0.001,700,64,reconstruction,0.5
86,4,0.0172,64,3,0.5,0.005,0.001,700,64,reconstruction,0.5
87,0,0.1659,256,6,0.3,0.005,0.001,700,128,reconstruction,0.1
87,1,0.0789,256,6,0.3,0.005,0.001,700,128,reconstruction,0.1
87,2,0.1751,256,6,0.3,0.005,0.001,700,128,reconstruction,0.1
87,3,0.1781,256,6,0.3,0.005,0.001,700,128,reconstruction,0.1
87,4,0.209,256,6,0.3,0.005,0.001,700,128,reconstruction,0.1
88,0,0.0322,128,6,0.3,0.001,0.001,500,64,reconstruction,0.1
88,1,0.2405,128,6,0.3,0.001,0.001,500,64,reconstruction,0.1
88,2,0.1483,128,6,0.3,0.001,0.001,500,64,reconstruction,0.1
88,3,0.0696,128,6,0.3,0.001,0.001,500,64,reconstruction,0.1
88,4,0.0537,128,6,0.3,0.001,0.001,500,64,reconstruction,0.1
89,0,0.0632,128,4,0.3,0.005,0.0001,300,64,contrastive,0.5
89,1,0.0928,128,4,0.3,0.005,0.0001,300,64,contrastive,0.5
89,2,0.0084,128,4,0.3,0.005,0.0001,300,64,contrastive,0.5
89,3,0.0904,128,4,0.3,0.005,0.0001,300,64,contrastive,0.5
89,4,0.0579,128,4,0.3,0.005,0.0001,300,64,contrastive,0.5
90,0,0.1064,256,4,0.5,0.001,0.001,500,128,contrastive,0.1
90,1,0.1513,256,4,0.5,0.001,0.001,500,128,contrastive,0.1
90,2,0.2828,256,4,0.5,0.001,0.001,500,128,contrastive,0.1
90,3,0.106,256,4,0.5,0.001,0.001,500,128,contrastive,0.1
90,4,0.1377,256,4,0.5,0.001,0.001,500,128,contrastive,0.1
91,0,0.0805,64,2,0.5,0.005,0.001,100,128,reconstruction,0.1
91,1,0.0936,64,2,0.5,0.005,0.001,100,128,reconstruction,0.1
91,2,0.0845,64,2,0.5,0.005,0.001,100,128,reconstruction,0.1
91,3,0.0317,64,2,0.5,0.005,0.001,100,128,reconstruction,0.1
91,4,0.0293,64,2,0.5,0.005,0.001,100,128,reconstruction,0.1
92,0,0.1311,256,6,0.5,0.001,0.0001,100,64,reconstruction,0.1
92,1,0.0876,256,6,0.5,0.001,0.0001,100,64,reconstruction,0.1
92,2,0.2236,256,6,0.5,0.001,0.0001,100,64,reconstruction,0.1
92,3,0.1392,256,6,0.5,0.001,0.0001,100,64,reconstruction,0.1
92,4,0.0948,256,6,0.5,0.001,0.0001,100,64,reconstruction,0.1
93,0,0.1076,256,2,0.3,0.005,0.001,100,64,reconstruction,0.1
93,1,0.112,256,2,0.3,0.005,0.001,100,64,reconstruction,0.1
93,2,0.1247,256,2,0.3,0.005,0.001,100,64,reconstruction,0.1
93,3,0.0802,256,2,0.3,0.005,0.001,100,64,reconstruction,0.1
93,4,0.1575,256,2,0.3,0.005,0.001,100,64,reconstruction,0.1
94,0,0.1226,256,3,0.5,0.005,0.0001,300,128,reconstruction,0.1
94,1,0.2298,256,3,0.5,0.005,0.0001,300,128,reconstruction,0.1
94,2,0.2181,256,3,0.5,0.005,0.0001,300,128,reconstruction,0.1
94,3,0.146,256,3,0.5,0.005,0.0001,300,128,reconstruction,0.1
94,4,0.1532,256,3,0.5,0.005,0.0001,300,128,reconstruction,0.1
95,0,0.2808,256,5,0.5,0.001,0.0001,700,128,reconstruction,0.1
95,1,0.0119,256,5,0.5,0.001,0.0001,700,128,reconstruction,0.1
95,2,0.1485,256,5,0.5,0.001,0.0001,700,128,reconstruction,0.1
95,3,0.0847,256,5,0.5,0.001,0.0001,700,128,reconstruction,0.1
95,4,0.2124,256,5,0.5,0.001,0.0001,700,128,reconstruction,0.1
96,0,0.0954,64,5,0.3,0.001,0.001,100,64,reconstruction,0.1
96,1,0.0209,64,5,0.3,0.001,0.001,100,64,reconstruction,0.1
96,2,0.0648,64,5,0.3,0.001,0.001,100,64,reconstruction,0.1
96,3,0.0645,64,5,0.3,0.001,0.001,100,64,reconstruction,0.1
96,4,0.0521,64,5,0.3,0.001,0.001,100,64,reconstruction,0.1
97,0,0.1103,64,6,0.3,0.001,0.0001,300,128,reconstruction,0.1
97,1,0.0472,64,6,0.3,0.001,0.0001,300,128,reconstruction,0.1
97,2,0.1226,64,6,0.3,0.001,0.0001,300,128,reconstruction,0.1
97,3,0.0634,64,6,0.3,0.001,0.0001,300,128,reconstruction,0.1
97,4,0.0371,64,6,0.3,0.001,0.0001,300,128,reconstruction,0.1
98,0,0.0977,256,5,0.5,0.001,0.001,500,64,reconstruction,0.5
98,1,0.1291,256,5,0.5,0.001,0.001,500,64,reconstruction,0.5
98,2,0.1728,256,5,0.5,0.001,0.001,500,64,reconstruction,0.5
98,3,0.0678,256,5,0.5,0.001,0.001,500,64,reconstruction,0.5
98,4,0.1203,256,5,0.5,0.001,0.001,500,64,reconstruction,0.5
99,0,0.1238,128,6,0.5,0.005,0.0001,300,128,contrastive,0.1
99,1,0.0486,128,6,0.5,0.005,0.0001,300,128,contrastive,0.1
99,2,0.0939,128,6,0.5,0.005,0.0001,300,128,contrastive,0.1
99,3,0.0903,128,6,0.5,0.005,0.0001,300,128,contrastive,0.1
99,4,0.142,128,6,0.5,0.005,0.0001,300,128,contrastive,0.1
