combo_id,fold,val_auc,hp_d,hp_K,hp_dropout,hp_dropout_gnn,hp_lr,hp_wd,hp_epochs,hp_hidden,hp_label_smoothing,hp_warmup
0,0,0.7577,256,4,0.5,0.7,0.001,0.001,700,128,0.0,0
0,1,0.8155,256,4,0.5,0.7,0.001,0.001,700,128,0.0,0
0,2,0.8407,256,4,0.5,0.7,0.001,0.001,700,128,0.0,0
0,3,0.7826,256,4,0.5,0.7,0.001,0.001,700,128,0.0,0
0,4,0.7714,256,4,0.5,0.7,0.001,0.001,700,128,0.0,0
1,0,0.8186,64,2,0.5,0.5,0.005,0.0001,500,64,0.0,0
1,1,0.72,64,2,0.5,0.5,0.005,0.0001,500,64,0.0,0
1,2,0.7722,64,2,0.5,0.5,0.005,0.0001,500,64,0.0,0
1,3,0.7853,64,2,0.5,0.5,0.005,0.0001,500,64,0.0,0
1,4,0.7622,64,2,0.5,0.5,0.005,0.0001,500,64,0.0,0
2,0,0.7295,64,1,0.3,0.3,0.005,0.0001,100,128,0.1,0
2,1,0.8024,64,1,0.3,0.3,0.005,0.0001,100,128,0.1,0
2,2,0.7584,64,1,0.3,0.3,0.005,0.0001,100,128,0.1,0
2,3,0.7877,64,1,0.3,0.3,0.005,0.0001,100,128,0.1,0
2,4,0.7944,64,1,0.3,0.3,0.005,0.0001,100,128,0.1,0
3,0,0.7707,64,2,0.5,0.5,0.001,0.001,100,128,0.0,0
3,1,0.7597,64,2,0.5,0.5,0.001,0.001,100,128,0.0,0
3,2,0.7588,64,2,0.5,0.5,0.001,0.001,100,128,0.0,0
3,3,0.7877,64,2,0.5,0.5,0.001,0.001,100,128,0.0,0
3,4,0.7523,64,2,0.5,0.5,0.001,0.001,100,128,0.0,0
4,0,0.8007,128,1,0.3,0.7,0.001,0.0001,100,64,0.0,10
4,1,0.7846,128,1,0.3,0.7,0.001,0.0001,100,64,0.0,10
4,2,0.7758,128,1,0.3,0.7,0.001,0.0001,100,64,0.0,10
4,3,0.8125,128,1,0.3,0.7,0.001,0.0001,100,64,0.0,10
4,4,0.7674,128,1,0.3,0.7,0.001,0.0001,100,64,0.0,10
5,0,0.7947,256,2,0.3,0.5,0.001,0.001,500,64,0.1,10
5,1,0.8214,256,2,0.3,0.5,0.001,0.001,500,64,0.1,10
5,2,0.8244,256,2,0.3,0.5,0.001,0.001,500,64,0.1,10
5,3,0.8072,256,2,0.3,0.5,0.001,0.001,500,64,0.1,10
5,4,0.8082,256,2,0.3,0.5,0.001,0.001,500,64,0.1,10
6,0,0.7697,64,3,0.5,0.7,0.005,0.001,300,64,0.0,10
6,1,0.7341,64,3,0.5,0.7,0.005,0.001,300,64,0.0,10
6,2,0.7528,64,3,0.5,0.7,0.005,0.001,300,64,0.0,10
6,3,0.7865,64,3,0.5,0.7,0.005,0.001,300,64,0.0,10
6,4,0.7192,64,3,0.5,0.7,0.005,0.001,300,64,0.0,10
7,0,0.7648,128,2,0.5,0.5,0.005,0.001,500,64,0.0,0
7,1,0.7492,128,2,0.5,0.5,0.005,0.001,500,64,0.0,0
7,2,0.764,128,2,0.5,0.5,0.005,0.001,500,64,0.0,0
7,3,0.7712,128,2,0.5,0.5,0.005,0.001,500,64,0.0,0
7,4,0.757,128,2,0.5,0.5,0.005,0.001,500,64,0.0,0
8,0,0.7509,64,1,0.5,0.7,0.005,0.001,500,64,0.0,0
8,1,0.7186,64,1,0.5,0.7,0.005,0.001,500,64,0.0,0
8,2,0.7028,64,1,0.5,0.7,0.005,0.001,500,64,0.0,0
8,3,0.7241,64,1,0.5,0.7,0.005,0.001,500,64,0.0,0
8,4,0.7494,64,1,0.5,0.7,0.005,0.001,500,64,0.0,0
9,0,0.7701,256,2,0.5,0.7,0.005,0.0001,700,128,0.0,10
9,1,0.6929,256,2,0.5,0.7,0.005,0.0001,700,128,0.0,10
9,2,0.7615,256,2,0.5,0.7,0.005,0.0001,700,128,0.0,10
9,3,0.7511,256,2,0.5,0.7,0.005,0.0001,700,128,0.0,10
9,4,0.748,256,2,0.5,0.7,0.005,0.0001,700,128,0.0,10
10,0,0.768,128,1,0.3,0.7,0.001,0.001,100,128,0.1,10
10,1,0.8278,128,1,0.3,0.7,0.001,0.001,100,128,0.1,10
10,2,0.7777,128,1,0.3,0.7,0.001,0.001,100,128,0.1,10
10,3,0.8161,128,1,0.3,0.7,0.001,0.001,100,128,0.1,10
10,4,0.8322,128,1,0.3,0.7,0.001,0.001,100,128,0.1,10
11,0,0.7744,256,3,0.5,0.3,0.001,0.0001,300,128,0.1,10
11,1,0.8194,256,3,0.5,0.3,0.001,0.0001,300,128,0.1,10
11,2,0.7852,256,3,0.5,0.3,0.001,0.0001,300,128,0.1,10
11,3,0.7744,256,3,0.5,0.3,0.001,0.0001,300,128,0.1,10
11,4,0.7522,256,3,0.5,0.3,0.001,0.0001,300,128,0.1,10
12,0,0.771,128,2,0.5,0.7,0.001,0.001,500,64,0.1,10
12,1,0.775,128,2,0.5,0.7,0.001,0.001,500,64,0.1,10
12,2,0.8064,128,2,0.5,0.7,0.001,0.001,500,64,0.1,10
12,3,0.8099,128,2,0.5,0.7,0.001,0.001,500,64,0.1,10
12,4,0.8037,128,2,0.5,0.7,0.001,0.001,500,64,0.1,10
13,0,0.7884,256,2,0.3,0.5,0.001,0.001,500,128,0.0,10
13,1,0.8398,256,2,0.3,0.5,0.001,0.001,500,128,0.0,10
13,2,0.8476,256,2,0.3,0.5,0.001,0.001,500,128,0.0,10
13,3,0.8132,256,2,0.3,0.5,0.001,0.001,500,128,0.0,10
13,4,0.7885,256,2,0.3,0.5,0.001,0.001,500,128,0.0,10
14,0,0.7627,64,2,0.5,0.3,0.001,0.001,700,128,0.0,0
14,1,0.7395,64,2,0.5,0.3,0.001,0.001,700,128,0.0,0
14,2,0.7719,64,2,0.5,0.3,0.001,0.001,700,128,0.0,0
14,3,0.8006,64,2,0.5,0.3,0.001,0.001,700,128,0.0,0
14,4,0.7602,64,2,0.5,0.3,0.001,0.001,700,128,0.0,0
15,0,0.7496,64,3,0.5,0.5,0.005,0.0001,700,64,0.0,10
15,1,0.7764,64,3,0.5,0.5,0.005,0.0001,700,64,0.0,10
15,2,0.7342,64,3,0.5,0.5,0.005,0.0001,700,64,0.0,10
15,3,0.7675,64,3,0.5,0.5,0.005,0.0001,700,64,0.0,10
15,4,0.7366,64,3,0.5,0.5,0.005,0.0001,700,64,0.0,10
16,0,0.8148,256,4,0.3,0.5,0.001,0.001,100,128,0.1,0
16,1,0.8339,256,4,0.3,0.5,0.001,0.001,100,128,0.1,0
16,2,0.8543,256,4,0.3,0.5,0.001,0.001,100,128,0.1,0
16,3,0.8065,256,4,0.3,0.5,0.001,0.001,100,128,0.1,0
16,4,0.8529,256,4,0.3,0.5,0.001,0.001,100,128,0.1,0
17,0,0.7517,128,1,0.5,0.3,0.005,0.0001,100,128,0.0,10
17,1,0.7791,128,1,0.5,0.3,0.005,0.0001,100,128,0.0,10
17,2,0.7749,128,1,0.5,0.3,0.005,0.0001,100,128,0.0,10
17,3,0.763,128,1,0.5,0.3,0.005,0.0001,100,128,0.0,10
17,4,0.7598,128,1,0.5,0.3,0.005,0.0001,100,128,0.0,10
18,0,0.7817,128,4,0.3,0.7,0.005,0.0001,500,64,0.0,10
18,1,0.8225,128,4,0.3,0.7,0.005,0.0001,500,64,0.0,10
18,2,0.7817,128,4,0.3,0.7,0.005,0.0001,500,64,0.0,10
18,3,0.7799,128,4,0.3,0.7,0.005,0.0001,500,64,0.0,10
18,4,0.8493,128,4,0.3,0.7,0.005,0.0001,500,64,0.0,10
19,0,0.7665,256,2,0.5,0.5,0.005,0.0001,100,128,0.0,0
19,1,0.7495,256,2,0.5,0.5,0.005,0.0001,100,128,0.0,0
19,2,0.7121,256,2,0.5,0.5,0.005,0.0001,100,128,0.0,0
19,3,0.7597,256,2,0.5,0.5,0.005,0.0001,100,128,0.0,0
19,4,0.7566,256,2,0.5,0.5,0.005,0.0001,100,128,0.0,0
20,0,0.7666,64,1,0.5,0.5,0.001,0.0001,700,128,0.0,0
20,1,0.7348,64,1,0.5,0.5,0.001,0.0001,700,128,0.0,0
20,2,0.7627,64,1,0.5,0.5,0.001,0.0001,700,128,0.0,0
20,3,0.749,64,1,0.5,0.5,0.001,0.0001,700,128,0.0,0
20,4,0.7463,64,1,0.5,0.5,0.001,0.0001,700,128,0.0,0
21,0,0.7734,64,2,0.5,0.7,0.001,0.001,100,128,0.0,0
21,1,0.7432,64,2,0.5,0.7,0.001,0.001,100,128,0.0,0
21,2,0.7745,64,2,0.5,0.7,0.001,0.001,100,128,0.0,0
21,3,0.7705,64,2,0.5,0.7,0.001,0.001,100,128,0.0,0
21,4,0.7561,64,2,0.5,0.7,0.001,0.001,100,128,0.0,0
22,0,0.7828,128,2,0.5,0.5,0.001,0.0001,100,64,0.1,0
22,1,0.7959,128,2,0.5,0.5,0.001,0.0001,100,64,0.1,0
22,2,0.8263,128,2,0.5,0.5,0.001,0.0001,100,64,0.1,0
22,3,0.7751,128,2,0.5,0.5,0.001,0.0001,100,64,0.1,0
22,4,0.7757,128,2,0.5,0.5,0.001,0.0001,100,64,0.1,0
23,0,0.79,128,3,0.3,0.5,0.001,0.0001,500,64,0.0,0
23,1,0.8464,128,3,0.3,0.5,0.001,0.0001,500,64,0.0,0
23,2,0.7902,128,3,0.3,0.5,0.001,0.0001,500,64,0.0,0
23,3,0.8063,128,3,0.3,0.5,0.001,0.0001,500,64,0.0,0
23,4,0.8289,128,3,0.3,0.5,0.001,0.0001,500,64,0.0,0
24,0,0.7421,128,3,0.5,0.5,0.005,0.001,100,64,0.1,0
24,1,0.7667,128,3,0.5,0.5,0.005,0.001,100,64,0.1,0
24,2,0.8288,128,3,0.5,0.5,0.005,0.001,100,64,0.1,0
24,3,0.7636,128,3,0.5,0.5,0.005,0.001,100,64,0.1,0
24,4,0.7385,128,3,0.5,0.5,0.005,0.001,100,64,0.1,0
25,0,0.7622,64,1,0.3,0.5,0.001,0.0001,500,128,0.0,0
25,1,0.7538,64,1,0.3,0.5,0.001,0.0001,500,128,0.0,0
25,2,0.8099,64,1,0.3,0.5,0.001,0.0001,500,128,0.0,0
25,3,0.7849,64,1,0.3,0.5,0.001,0.0001,500,128,0.0,0
25,4,0.8256,64,1,0.3,0.5,0.001,0.0001,500,128,0.0,0
26,0,0.748,256,3,0.5,0.3,0.005,0.0001,100,64,0.0,0
26,1,0.7557,256,3,0.5,0.3,0.005,0.0001,100,64,0.0,0
26,2,0.7566,256,3,0.5,0.3,0.005,0.0001,100,64,0.0,0
26,3,0.7294,256,3,0.5,0.3,0.005,0.0001,100,64,0.0,0
26,4,0.7743,256,3,0.5,0.3,0.005,0.0001,100,64,0.0,0
27,0,0.7587,128,4,0.5,0.3,0.005,0.001,500,64,0.1,10
27,1,0.7551,128,4,0.5,0.3,0.005,0.001,500,64,0.1,10
27,2,0.7704,128,4,0.5,0.3,0.005,0.001,500,64,0.1,10
27,3,0.763,128,4,0.5,0.3,0.005,0.001,500,64,0.1,10
27,4,0.7686,128,4,0.5,0.3,0.005,0.001,500,64,0.1,10
28,0,0.7514,64,2,0.5,0.3,0.001,0.001,500,64,0.0,10
28,1,0.7578,64,2,0.5,0.3,0.001,0.001,500,64,0.0,10
28,2,0.8139,64,2,0.5,0.3,0.001,0.001,500,64,0.0,10
28,3,0.7653,64,2,0.5,0.3,0.001,0.001,500,64,0.0,10
28,4,0.7478,64,2,0.5,0.3,0.001,0.001,500,64,0.0,10
29,0,0.7507,256,1,0.5,0.5,0.005,0.0001,100,64,0.1,10
29,1,0.7352,256,1,0.5,0.5,0.005,0.0001,100,64,0.1,10
29,2,0.7593,256,1,0.5,0.5,0.005,0.0001,100,64,0.1,10
29,3,0.7521,256,1,0.5,0.5,0.005,0.0001,100,64,0.1,10
29,4,0.7473,256,1,0.5,0.5,0.005,0.0001,100,64,0.1,10
30,0,0.8037,64,2,0.3,0.5,0.001,0.0001,500,128,0.0,10
30,1,0.7751,64,2,0.3,0.5,0.001,0.0001,500,128,0.0,10
30,2,0.7856,64,2,0.3,0.5,0.001,0.0001,500,128,0.0,10
30,3,0.8142,64,2,0.3,0.5,0.001,0.0001,500,128,0.0,10
30,4,0.821,64,2,0.3,0.5,0.001,0.0001,500,128,0.0,10
31,0,0.7734,256,4,0.5,0.5,0.005,0.001,100,128,0.0,0
31,1,0.7713,256,4,0.5,0.5,0.005,0.001,100,128,0.0,0
31,2,0.6876,256,4,0.5,0.5,0.005,0.001,100,128,0.0,0
31,3,0.7649,256,4,0.5,0.5,0.005,0.001,100,128,0.0,0
31,4,0.743,256,4,0.5,0.5,0.005,0.001,100,128,0.0,0
32,0,0.804,128,4,0.5,0.3,0.001,0.0001,100,64,0.1,0
32,1,0.7523,128,4,0.5,0.3,0.001,0.0001,100,64,0.1,0
32,2,0.8249,128,4,0.5,0.3,0.001,0.0001,100,64,0.1,0
32,3,0.7924,128,4,0.5,0.3,0.001,0.0001,100,64,0.1,0
32,4,0.7802,128,4,0.5,0.3,0.001,0.0001,100,64,0.1,0
33,0,0.7938,64,1,0.3,0.3,0.001,0.001,300,128,0.1,10
33,1,0.7345,64,1,0.3,0.3,0.001,0.001,300,128,0.1,10
33,2,0.7804,64,1,0.3,0.3,0.001,0.001,300,128,0.1,10
33,3,0.753,64,1,0.3,0.3,0.001,0.001,300,128,0.1,10
33,4,0.7978,64,1,0.3,0.3,0.001,0.001,300,128,0.1,10
34,0,0.7867,256,2,0.3,0.5,0.005,0.001,300,64,0.1,0
34,1,0.7826,256,2,0.3,0.5,0.005,0.001,300,64,0.1,0
34,2,0.7482,256,2,0.3,0.5,0.005,0.001,300,64,0.1,0
34,3,0.8218,256,2,0.3,0.5,0.005,0.001,300,64,0.1,0
34,4,0.7261,256,2,0.3,0.5,0.005,0.001,300,64,0.1,0
35,0,0.8187,128,2,0.3,0.3,0.001,0.001,100,64,0.1,0
35,1,0.7703,128,2,0.3,0.3,0.001,0.001,100,64,0.1,0
35,2,0.8266,128,2,0.3,0.3,0.001,0.001,100,64,0.1,0
35,3,0.8392,128,2,0.3,0.3,0.001,0.001,100,64,0.1,0
35,4,0.8032,128,2,0.3,0.3,0.001,0.001,100,64,0.1,0
36,0,0.7788,128,4,0.3,0.3,0.005,0.001,700,64,0.0,0
36,1,0.8372,128,4,0.3,0.3,0.005,0.001,700,64,0.0,0
36,2,0.8078,128,4,0.3,0.3,0.005,0.001,700,64,0.0,0
36,3,0.7625,128,4,0.3,0.3,0.005,0.001,700,64,0.0,0
36,4,0.7836,128,4,0.3,0.3,0.005,0.001,700,64,0.0,0
37,0,0.7821,64,2,0.3,0.5,0.001,0.0001,300,64,0.1,10
37,1,0.8017,64,2,0.3,0.5,0.001,0.0001,300,64,0.1,10
37,2,0.7647,64,2,0.3,0.5,0.001,0.0001,300,64,0.1,10
37,3,0.819,64,2,0.3,0.5,0.001,0.0001,300,64,0.1,10
37,4,0.7862,64,2,0.3,0.5,0.001,0.0001,300,64,0.1,10
38,0,0.7564,256,2,0.3,0.5,0.001,0.0001,300,128,0.1,0
38,1,0.7941,256,2,0.3,0.5,0.001,0.0001,300,128,0.1,0
38,2,0.8302,256,2,0.3,0.5,0.001,0.0001,300,128,0.1,0
38,3,0.7911,256,2,0.3,0.5,0.001,0.0001,300,128,0.1,0
38,4,0.8133,256,2,0.3,0.5,0.001,0.0001,300,128,0.1,0
39,0,0.7542,256,1,0.3,0.5,0.005,0.0001,700,64,0.1,0
39,1,0.7456,256,1,0.3,0.5,0.005,0.0001,700,64,0.1,0
39,2,0.7418,256,1,0.3,0.5,0.005,0.0001,700,64,0.1,0
39,3,0.7674,256,1,0.3,0.5,0.005,0.0001,700,64,0.1,0
39,4,0.8202,256,1,0.3,0.5,0.005,0.0001,700,64,0.1,0
40,0,0.7438,256,1,0.5,0.7,0.005,0.0001,700,128,0.1,0
40,1,0.7476,256,1,0.5,0.7,0.005,0.0001,700,128,0.1,0
40,2,0.7565,256,1,0.5,0.7,0.005,0.0001,700,128,0.1,0
40,3,0.7435,256,1,0.5,0.7,0.005,0.0001,700,128,0.1,0
40,4,0.7318,256,1,0.5,0.7,0.005,0.0001,700,128,0.1,0
41,0,0.7393,64,4,0.5,0.5,0.005,0.0001,700,64,0.1,10
41,1,0.7656,64,4,0.5,0.5,0.005,0.0001,700,64,0.1,10
41,2,0.7961,64,4,0.5,0.5,0.005,0.0001,700,64,0.1,10
41,3,0.7755,64,4,0.5,0.5,0.005,0.0001,700,64,0.1,10
41,4,0.7639,64,4,0.5,0.5,0.005,0.0001,700,64,0.1,10
42,0,0.7581,64,3,0.5,0.3,0.005,0.0001,500,64,0.0,10
42,1,0.7839,64,3,0.5,0.3,0.005,0.0001,500,64,0.0,10
42,2,0.7744,64,3,0.5,0.3,0.005,0.0001,500,64,0.0,10
42,3,0.7588,64,3,0.5,0.3,0.005,0.0001,500,64,0.0,10
42,4,0.7726,64,3,0.5,0.3,0.005,0.0001,500,64,0.0,10
43,0,0.8177,128,4,0.3,0.5,0.005,0.0001,700,64,0.0,10
43,1,0.8375,128,4,0.3,0.5,0.005,0.0001,700,64,0.0,10
43,2,0.7948,128,4,0.3,0.5,0.005,0.0001,700,64,0.0,10
43,3,0.7761,128,4,0.3,0.5,0.005,0.0001,700,64,0.0,10
43,4,0.8246,128,4,0.3,0.5,0.005,0.0001,700,64,0.0,10
44,0,0.7562,128,2,0.5,0.7,0.005,0.001,100,128,0.1,0
44,1,0.7652,128,2,0.5,0.7,0.005,0.001,100,128,0.1,0
44,2,0.8115,128,2,0.5,0.7,0.005,0.001,100,128,0.1,0
44,3,0.7384,128,2,0.5,0.7,0.005,0.001,100,128,0.1,0
44,4,0.7546,128,2,0.5,0.7,0.005,0.001,100,128,0.1,0
45,0,0.7987,256,1,0.3,0.5,0.001,0.0001,100,128,0.1,0
45,1,0.811,256,1,0.3,0.5,0.001,0.0001,100,128,0.1,0
45,2,0.8345,256,1,0.3,0.5,0.001,0.0001,100,128,0.1,0
45,3,0.7871,256,1,0.3,0.5,0.001,0.0001,100,128,0.1,0
45,4,0.8345,256,1,0.3,0.5,0.001,0.0001,100,128,0.1,0
46,0,0.8095,64,3,0.3,0.5,0.001,0.001,500,64,0.0,0
46,1,0.842,64,3,0.3,0.5,0.001,0.001,500,64,0.0,0
46,2,0.7262,64,3,0.3,0.5,0.001,0.001,500,64,0.0,0
46,3,0.7793,64,3,0.3,0.5,0.001,0.001,500,64,0.0,0
46,4,0.8055,64,3,0.3,0.5,0.001,0.001,500,64,0.0,0
47,0,0.7698,128,2,0.3,0.7,0.005,0.001,100,64,0.1,0
47,1,0.7555,128,2,0.3,0.7,0.005,0.001,100,64,0.1,0
47,2,0.8111,128,2,0.3,0.7,0.005,0.001,100,64,0.1,0
47,3,0.7888,128,2,0.3,0.7,0.005,0.001,100,64,0.1,0
47,4,0.7907,128,2,0.3,0.7,0.005,0.001,100,64,0.1,0
48,0,0.7727,128,4,0.5,0.3,0.005,0.0001,100,64,0.0,10
48,1,0.7442,128,4,0.5,0.3,0.005,0.0001,100,64,0.0,10
48,2,0.7325,128,4,0.5,0.3,0.005,0.0001,100,64,0.0,10
48,3,0.7682,128,4,0.5,0.3,0.005,0.0001,100,64,0.0,10
48,4,0.7656,128,4,0.5,0.3,0.005,0.0001,100,64,0.0,10
49,0,0.7772,128,4,0.3,0.7,0.005,0.001,500,128,0.1,10
49,1,0.7589,128,4,0.3,0.7,0.005,0.001,500,128,0.1,10
49,2,0.8279,128,4,0.3,0.7,0.005,0.001,500,128,0.1,10
49,3,0.775,128,4,0.3,0.7,0.005,0.001,500,128,0.1,10
49,4,0.7621,128,4,0.3,0.7,0.005,0.001,500,128,0.1,10
50,0,0.7456,256,2,0.5,0.5,0.005,0.001,300,128,0.1,10
50,1,0.7514,256,2,0.5,0.5,0.005,0.001,300,128,0.1,10
50,2,0.7467,256,2,0.5,0.5,0.005,0.001,300,128,0.1,10
50,3,0.7619,256,2,0.5,0.5,0.005,0.001,300,128,0.1,10
50,4,0.749,256,2,0.5,0.5,0.005,0.001,300,128,0.1,10
51,0,0.8643,128,3,0.3,0.5,0.001,0.0001,300,64,0.0,10
51,1,0.8087,128,3,0.3,0.5,0.001,0.0001,300,64,0.0,10
51,2,0.8667,128,3,0.3,0.5,0.001,0.0001,300,64,0.0,10
51,3,0.8361,128,3,0.3,0.5,0.001,0.0001,300,64,0.0,10
51,4,0.8335,128,3,0.3,0.5,0.001,0.0001,300,64,0.0,10
52,0,0.7818,128,3,0.3,0.5,0.005,0.0001,300,128,0.1,0
52,1,0.7727,128,3,0.3,0.5,0.005,0.0001,300,128,0.1,0
52,2,0.7961,128,3,0.3,0.5,0.005,0.0001,300,128,0.1,0
52,3,0.7659,128,3,0.3,0.5,0.005,0.0001,300,128,0.1,0
52,4,0.7924,128,3,0.3,0.5,0.005,0.0001,300,128,0.1,0
53,0,0.8229,256,3,0.5,0.3,0.001,0.001,700,64,0.0,0
53,1,0.7729,256,3,0.5,0.3,0.001,0.001,700,64,0.0,0
53,2,0.8082,256,3,0.5,0.3,0.001,0.001,700,64,0.0,0
53,3,0.7661,256,3,0.5,0.3,0.001,0.001,700,64,0.0,0
53,4,0.8364,256,3,0.5,0.3,0.001,0.001,700,64,0.0,0
54,0,0.7747,256,1,0.5,0.7,0.001,0.0001,300,64,0.0,0
54,1,0.7862,256,1,0.5,0.7,0.001,0.0001,300,64,0.0,0
54,2,0.7574,256,1,0.5,0.7,0.001,0.0001,300,64,0.0,0
54,3,0.7685,256,1,0.5,0.7,0.001,0.0001,300,64,0.0,0
54,4,0.7493,256,1,0.5,0.7,0.001,0.0001,300,64,0.0,0
55,0,0.8306,256,1,0.3,0.7,0.001,0.001,300,128,0.1,10
55,1,0.8148,256,1,0.3,0.7,0.001,0.001,300,128,0.1,10
55,2,0.8025,256,1,0.3,0.7,0.001,0.001,300,128,0.1,10
55,3,0.8331,256,1,0.3,0.7,0.001,0.001,300,128,0.1,10
55,4,0.798,256,1,0.3,0.7,0.001,0.001,300,128,0.1,10
56,0,0.8191,128,2,0.3,0.7,0.001,0.001,300,64,0.1,10
56,1,0.7611,128,2,0.3,0.7,0.001,0.001,300,64,0.1,10
56,2,0.8053,128,2,0.3,0.7,0.001,0.001,300,64,0.1,10
56,3,0.8393,128,2,0.3,0.7,0.001,0.001,300,64,0.1,10
56,4,0.7866,128,2,0.3,0.7,0.001,0.001,300,64,0.1,10
57,0,0.7857,256,1,0.5,0.5,0.001,0.001,100,128,0.0,0
57,1,0.8081,256,1,0.5,0.5,0.001,0.001,100,128,0.0,0
57,2,0.8275,256,1,0.5,0.5,0.001,0.001,100,128,0.0,0
57,3,0.8017,256,1,0.5,0.5,0.001,0.001,100,128,0.0,0
57,4,0.7698,256,1,0.5,0.5,0.001,0.001,100,128,0.0,0
58,0,0.7936,64,4,0.3,0.7,0.005,0.0001,100,64,0.1,10
58,1,0.806,64,4,0.3,0.7,0.005,0.0001,100,64,0.1,10
58,2,0.784,64,4,0.3,0.7,0.005,0.0001,100,64,0.1,10
58,3,0.821,64,4,0.3,0.7,0.005,0.0001,100,64,0.1,10
58,4,0.7782,64,4,0.3,0.7,0.005,0.0001,100,64,0.1,10
59,0,0.7756,128,2,0.3,0.5,0.005,0.001,100,128,0.0,10
59,1,0.7669,128,2,0.3,0.5,0.005,0.001,100,128,0.0,10
59,2,0.7685,128,2,0.3,0.5,0.005,0.001,100,128,0.0,10
59,3,0.7429,128,2,0.3,0.5,0.005,0.001,100,128,0.0,10
59,4,0.7941,128,2,0.3,0.5,0.005,0.001,100,128,0.0,10
60,0,0.7639,128,2,0.3,0.3,0.001,0.0001,100,128,0.0,10
60,1,0.8274,128,2,0.3,0.3,0.001,0.0001,100,128,0.0,10
60,2,0.8388,128,2,0.3,0.3,0.001,0.0001,100,128,0.0,10
60,3,0.7807,128,2,0.3,0.3,0.001,0.0001,100,128,0.0,10
60,4,0.8348,128,2,0.3,0.3,0.001,0.0001,100,128,0.0,10
61,0,0.8193,128,3,0.5,0.7,0.001,0.001,700,64,0.0,0
61,1,0.8356,128,3,0.5,0.7,0.001,0.001,700,64,0.0,0
61,2,0.8088,128,3,0.5,0.7,0.001,0.001,700,64,0.0,0
61,3,0.8051,128,3,0.5,0.7,0.001,0.001,700,64,0.0,0
61,4,0.7423,128,3,0.5,0.7,0.001,0.001,700,64,0.0,0
62,0,0.7824,64,3,0.5,0.5,0.001,0.001,700,64,0.0,0
62,1,0.7569,64,3,0.5,0.5,0.001,0.001,700,64,0.0,0
62,2,0.7692,64,3,0.5,0.5,0.001,0.001,700,64,0.0,0
62,3,0.7574,64,3,0.5,0.5,0.001,0.001,700,64,0.0,0
62,4,0.8113,64,3,0.5,0.5,0.001,0.001,700,64,0.0,0
63,0,0.8282,128,3,0.3,0.7,0.005,0.0001,500,64,0.0,10
63,1,0.7939,128,3,0.3,0.7,0.005,0.0001,500,64,0.0,10
63,2,0.771,128,3,0.3,0.7,0.005,0.0001,500,64,0.0,10
63,3,0.8239,128,3,0.3,0.7,0.005,0.0001,500,64,0.0,10
63,4,0.7733,128,3,0.3,0.7,0.005,0.0001,500,64,0.0,10
64,0,0.7741,128,4,0.5,0.5,0.005,0.001,300,64,0.1,10
64,1,0.7914,128,4,0.5,0.5,0.005,0.001,300,64,0.1,10
64,2,0.7818,128,4,0.5,0.5,0.005,0.001,300,64,0.1,10
64,3,0.7587,128,4,0.5,0.5,0.005,0.001,300,64,0.1,10
64,4,0.7485,128,4,0.5,0.5,0.005,0.001,300,64,0.1,10
65,0,0.8248,256,1,0.3,0.3,0.001,0.0001,500,128,0.0,0
65,1,0.859,256,1,0.3,0.3,0.001,0.0001,500,128,0.0,0
65,2,0.7963,256,1,0.3,0.3,0.001,0.0001,500,128,0.0,0
65,3,0.7847,256,1,0.3,0.3,0.001,0.0001,500,128,0.0,0
65,4,0.8159,256,1,0.3,0.3,0.001,0.0001,500,128,0.0,0
66,0,0.8047,128,3,0.3,0.5,0.001,0.001,700,64,0.0,10
66,1,0.8215,128,3,0.3,0.5,0.001,0.001,700,64,0.0,10
66,2,0.8309,128,3,0.3,0.5,0.001,0.001,700,64,0.0,10
66,3,0.8577,128,3,0.3,0.5,0.001,0.001,700,64,0.0,10
66,4,0.8084,128,3,0.3,0.5,0.001,0.001,700,64,0.0,10
67,0,0.8135,64,2,0.5,0.3,0.005,0.001,700,128,0.0,10
67,1,0.7307,64,2,0.5,0.3,0.005,0.001,700,128,0.0,10
67,2,0.7476,64,2,0.5,0.3,0.005,0.001,700,128,0.0,10
67,3,0.7962,64,2,0.5,0.3,0.005,0.001,700,128,0.0,10
67,4,0.7605,64,2,0.5,0.3,0.005,0.001,700,128,0.0,10
68,0,0.8048,128,4,0.3,0.7,0.005,0.0001,300,64,0.1,0
68,1,0.7561,128,4,0.3,0.7,0.005,0.0001,300,64,0.1,0
68,2,0.7764,128,4,0.3,0.7,0.005,0.0001,300,64,0.1,0
68,3,0.8372,128,4,0.3,0.7,0.005,0.0001,300,64,0.1,0
68,4,0.8318,128,4,0.3,0.7,0.005,0.0001,300,64,0.1,0
69,0,0.7835,256,3,0.5,0.5,0.005,0.0001,700,128,0.0,10
69,1,0.7617,256,3,0.5,0.5,0.005,0.0001,700,128,0.0,10
69,2,0.719,256,3,0.5,0.5,0.005,0.0001,700,128,0.0,10
69,3,0.7612,256,3,0.5,0.5,0.005,0.0001,700,128,0.0,10
69,4,0.7614,256,3,0.5,0.5,0.005,0.0001,700,128,0.0,10
70,0,0.7628,256,1,0.5,0.7,0.005,0.0001,500,64,0.1,10
70,1,0.748,256,1,0.5,0.7,0.005,0.0001,500,64,0.1,10
70,2,0.7282,256,1,0.5,0.7,0.005,0.0001,500,64,0.1,10
70,3,0.7581,256,1,0.5,0.7,0.005,0.0001,500,64,0.1,10
70,4,0.739,256,1,0.5,0.7,0.005,0.0001,500,64,0.1,10
71,0,0.7604,256,2,0.5,0.5,0.005,0.001,500,64,0.1,0
71,1,0.7637,256,2,0.5,0.5,0.005,0.001,500,64,0.1,0
71,2,0.7595,256,2,0.5,0.5,0.005,0.001,500,64,0.1,0
71,3,0.7368,256,2,0.5,0.5,0.005,0.001,500,64,0.1,0
71,4,0.7569,256,2,0.5,0.5,0.005,0.001,500,64,0.1,0
72,0,0.803,64,3,0.3,0.7,0.005,0.001,700,64,0.1,10
72,1,0.7156,64,3,0.3,0.7,0.005,0.001,700,64,0.1,10
72,2,0.7752,64,3,0.3,0.7,0.005,0.001,700,64,0.1,10
72,3,0.8158,64,3,0.3,0.7,0.005,0.001,700,64,0.1,10
72,4,0.8083,64,3,0.3,0.7,0.005,0.001,700,64,0.1,10
73,0,0.802,256,4,0.3,0.5,0.005,0.0001,500,64,0.1,0
73,1,0.7842,256,4,0.3,0.5,0.005,0.0001,500,64,0.1,0
73,2,0.7901,256,4,0.3,0.5,0.005,0.0001,500,64,0.1,0
73,3,0.7578,256,4,0.3,0.5,0.005,0.0001,500,64,0.1,0
73,4,0.7971,256,4,0.3,0.5,0.005,0.0001,500,64,0.1,0
74,0,0.757,64,1,0.3,0.3,0.005,0.001,700,128,0.0,0
74,1,0.7852,64,1,0.3,0.3,0.005,0.001,700,128,0.0,0
74,2,0.7809,64,1,0.3,0.3,0.005,0.001,700,128,0.0,0
74,3,0.7401,64,1,0.3,0.3,0.005,0.001,700,128,0.0,0
74,4,0.7573,64,1,0.3,0.3,0.005,0.001,700,128,0.0,0
75,0,0.773,64,1,0.3,0.7,0.001,0.0001,700,128,0.1,10
75,1,0.7503,64,1,0.3,0.7,0.001,0.0001,700,128,0.1,10
75,2,0.8097,64,1,0.3,0.7,0.001,0.0001,700,128,0.1,10
75,3,0.8112,64,1,0.3,0.7,0.001,0.0001,700,128,0.1,10
75,4,0.7894,64,1,0.3,0.7,0.001,0.0001,700,128,0.1,10
76,0,0.7836,128,1,0.5,0.7,0.001,0.001,700,128,0.1,0
76,1,0.7969,128,1,0.5,0.7,0.001,0.001,700,128,0.1,0
76,2,0.7918,128,1,0.5,0.7,0.001,0.001,700,128,0.1,0
76,3,0.7884,128,1,0.5,0.7,0.001,0.001,700,128,0.1,0
76,4,0.8158,128,1,0.5,0.7,0.001,0.001,700,128,0.1,0
77,0,0.7859,256,2,0.3,0.5,0.001,0.001,100,64,0.0,0
77,1,0.7804,256,2,0.3,0.5,0.001,0.001,100,64,0.0,0
77,2,0.7781,256,2,0.3,0.5,0.001,0.001,100,64,0.0,0
77,3,0.7989,256,2,0.3,0.5,0.001,0.001,100,64,0.0,0
77,4,0.8096,256,2,0.3,0.5,0.001,0.001,100,64,0.0,0
78,0,0.8083,64,3,0.3,0.3,0.005,0.001,500,128,0.0,10
78,1,0.809,64,3,0.3,0.3,0.005,0.001,500,128,0.0,10
78,2,0.7935,64,3,0.3,0.3,0.005,0.001,500,128,0.0,10
78,3,0.7895,64,3,0.3,0.3,0.005,0.001,500,128,0.0,10
78,4,0.7549,64,3,0.3,0.3,0.005,0.001,500,128,0.0,10
79,0,0.7905,64,1,0.3,0.5,0.001,0.001,300,64,0.0,10
79,1,0.7928,64,1,0.3,0.5,0.001,0.001,300,64,0.0,10
79,2,0.7507,64,1,0.3,0.5,0.001,0.001,300,64,0.0,10
79,3,0.8155,64,1,0.3,0.5,0.001,0.001,300,64,0.0,10
79,4,0.7903,64,1,0.3,0.5,0.001,0.001,300,64,0.0,10
80,0,0.8201,128,2,0.3,0.7,0.005,0.0001,500,128,0.1,0
80,1,0.8078,128,2,0.3,0.7,0.005,0.0001,500,128,0.1,0
80,2,0.7618,128,2,0.3,0.7,0.005,0.0001,500,128,0.1,0
80,3,0.7975,128,2,0.3,0.7,0.005,0.0001,500,128,0.1,0
80,4,0.7999,128,2,0.3,0.7,0.005,0.0001,500,128,0.1,0
81,0,0.7533,128,3,0.5,0.7,0.005,0.001,100,64,0.1,0
81,1,0.7579,128,3,0.5,0.7,0.005,0.001,100,64,0.1,0
81,2,0.8246,128,3,0.5,0.7,0.005,0.001,100,64,0.1,0
81,3,0.8336,128,3,0.5,0.7,0.005,0.001,100,64,0.1,0
81,4,0.7461,128,3,0.5,0.7,0.005,0.001,100,64,0.1,0
82,0,0.768,256,4,0.5,0.7,0.001,0.001,300,128,0.0,0
82,1,0.8276,256,4,0.5,0.7,0.001,0.001,300,128,0.0,0
82,2,0.8168,256,4,0.5,0.7,0.001,0.001,300,128,0.0,0
82,3,0.7396,256,4,0.5,0.7,0.001,0.001,300,128,0.0,0
82,4,0.8027,256,4,0.5,0.7,0.001,0.001,300,128,0.0,0
83,0,0.8097,256,1,0.3,0.5,0.005,0.0001,700,128,0.0,0
83,1,0.7388,256,1,0.3,0.5,0.005,0.0001,700,128,0.0,0
83,2,0.7498,256,1,0.3,0.5,0.005,0.0001,700,128,0.0,0
83,3,0.76,256,1,0.3,0.5,0.005,0.0001,700,128,0.0,0
83,4,0.8164,256,1,0.3,0.5,0.005,0.0001,700,128,0.0,0
84,0,0.788,256,3,0.3,0.5,0.005,0.0001,100,64,0.1,10
84,1,0.7655,256,3,0.3,0.5,0.005,0.0001,100,64,0.1,10
84,2,0.7739,256,3,0.3,0.5,0.005,0.0001,100,64,0.1,10
84,3,0.7582,256,3,0.3,0.5,0.005,0.0001,100,64,0.1,10
84,4,0.7964,256,3,0.3,0.5,0.005,0.0001,100,64,0.1,10
85,0,0.7924,256,1,0.3,0.7,0.005,0.0001,100,128,0.1,0
85,1,0.7546,256,1,0.3,0.7,0.005,0.0001,100,128,0.1,0
85,2,0.7548,256,1,0.3,0.7,0.005,0.0001,100,128,0.1,0
85,3,0.752,256,1,0.3,0.7,0.005,0.0001,100,128,0.1,0
85,4,0.7071,256,1,0.3,0.7,0.005,0.0001,100,128,0.1,0
86,0,0.8018,128,1,0.3,0.7,0.005,0.001,100,64,0.1,10
86,1,0.7442,128,1,0.3,0.7,0.005,0.001,100,64,0.1,10
86,2,0.7617,128,1,0.3,0.7,0.005,0.001,100,64,0.1,10
86,3,0.7889,128,1,0.3,0.7,0.005,0.001,100,64,0.1,10
86,4,0.8203,128,1,0.3,0.7,0.005,0.001,100,64,0.1,10
87,0,0.7489,64,3,0.5,0.3,0.005,0.001,100,128,0.1,10
87,1,0.765,64,3,0.5,0.3,0.005,0.001,100,128,0.1,10
87,2,0.7773,64,3,0.5,0.3,0.005,0.001,100,128,0.1,10
87,3,0.7603,64,3,0.5,0.3,0.005,0.001,100,128,0.1,10
87,4,0.7595,64,3,0.5,0.3,0.005,0.001,100,128,0.1,10
88,0,0.8323,256,4,0.3,0.5,0.001,0.001,500,128,0.0,0
88,1,0.8307,256,4,0.3,0.5,0.001,0.001,500,128,0.0,0
88,2,0.7919,256,4,0.3,0.5,0.001,0.001,500,128,0.0,0
88,3,0.7708,256,4,0.3,0.5,0.001,0.001,500,128,0.0,0
88,4,0.8364,256,4,0.3,0.5,0.001,0.001,500,128,0.0,0
89,0,0.835,64,3,0.3,0.3,0.001,0.0001,300,64,0.1,0
89,1,0.7775,64,3,0.3,0.3,0.001,0.0001,300,64,0.1,0
89,2,0.8077,64,3,0.3,0.3,0.001,0.0001,300,64,0.1,0
89,3,0.8134,64,3,0.3,0.3,0.001,0.0001,300,64,0.1,0
89,4,0.8362,64,3,0.3,0.3,0.001,0.0001,300,64,0.1,0
90,0,0.7942,64,4,0.3,0.3,0.005,0.001,500,128,0.1,0
90,1,0.7582,64,4,0.3,0.3,0.005,0.001,500,128,0.1,0
90,2,0.8026,64,4,0.3,0.3,0.005,0.001,500,128,0.1,0
90,3,0.785,64,4,0.3,0.3,0.005,0.001,500,128,0.1,0
90,4,0.7827,64,4,0.3,0.3,0.005,0.001,500,128,0.1,0
91,0,0.8416,128,4,0.3,0.5,0.001,0.001,300,128,0.0,0
91,1,0.8282,128,4,0.3,0.5,0.001,0.001,300,128,0.0,0
91,2,0.7813,128,4,0.3,0.5,0.001,0.001,300,128,0.0,0
91,3,0.82,128,4,0.3,0.5,0.001,0.001,300,128,0.0,0
91,4,0.8247,128,4,0.3,0.5,0.001,0.001,300,128,0.0,0
92,0,0.7662,128,3,0.5,0.3,0.005,0.0001,300,64,0.0,0
92,1,0.7559,128,3,0.5,0.3,0.005,0.0001,300,64,0.0,0
92,2,0.7767,128,3,0.5,0.3,0.005,0.0001,300,64,0.0,0
92,3,0.7614,128,3,0.5,0.3,0.005,0.0001,300,64,0.0,0
92,4,0.7663,128,3,0.5,0.3,0.005,0.0001,300,64,0.0,0
93,0,0.7704,256,1,0.5,0.7,0.001,0.001,500,64,0.0,0
93,1,0.7549,256,1,0.5,0.7,0.001,0.001,500,64,0.0,0
93,2,0.7715,256,1,0.5,0.7,0.001,0.001,500,64,0.0,0
93,3,0.7566,256,1,0.5,0.7,0.001,0.001,500,64,0.0,0
93,4,0.7602,256,1,0.5,0.7,0.001,0.001,500,64,0.0,0
94,0,0.7559,128,4,0.3,0.5,0.005,0.001,700,128,0.1,10
94,1,0.8482,128,4,0.3,0.5,0.005,0.001,700,128,0.1,10
94,2,0.7805,128,4,0.3,0.5,0.005,0.001,700,128,0.1,10
94,3,0.7639,128,4,0.3,0.5,0.005,0.001,700,128,0.1,10
94,4,0.8155,128,4,0.3,0.5,0.005,0.001,700,128,0.1,10
95,0,0.746,64,3,0.5,0.3,0.005,0.001,100,128,0.1,0
95,1,0.7694,64,3,0.5,0.3,0.005,0.001,100,128,0.1,0
95,2,0.8516,64,3,0.5,0.3,0.005,0.001,100,128,0.1,0
95,3,0.7628,64,3,0.5,0.3,0.005,0.001,100,128,0.1,0
95,4,0.7599,64,3,0.5,0.3,0.005,0.001,100,128,0.1,0
96,0,0.7732,128,2,0.3,0.3,0.005,0.001,300,64,0.0,0
96,1,0.747,128,2,0.3,0.3,0.005,0.001,300,64,0.0,0
96,2,0.8124,128,2,0.3,0.3,0.005,0.001,300,64,0.0,0
96,3,0.7811,128,2,0.3,0.3,0.005,0.001,300,64,0.0,0
96,4,0.7877,128,2,0.3,0.3,0.005,0.001,300,64,0.0,0
97,0,0.8412,256,3,0.5,0.3,0.001,0.001,100,64,0.0,0
97,1,0.7675,256,3,0.5,0.3,0.001,0.001,100,64,0.0,0
97,2,0.7849,256,3,0.5,0.3,0.001,0.001,100,64,0.0,0
97,3,0.7709,256,3,0.5,0.3,0.001,0.001,100,64,0.0,0
97,4,0.7369,256,3,0.5,0.3,0.001,0.001,100,64,0.0,0
98,0,0.7809,128,4,0.3,0.3,0.001,0.0001,100,128,0.0,0
98,1,0.837,128,4,0.3,0.3,0.001,0.0001,100,128,0.0,0
98,2,0.8043,128,4,0.3,0.3,0.001,0.0001,100,128,0.0,0
98,3,0.7941,128,4,0.3,0.3,0.001,0.0001,100,128,0.0,0
98,4,0.8124,128,4,0.3,0.3,0.001,0.0001,100,128,0.0,0
99,0,0.7902,256,4,0.3,0.7,0.005,0.0001,300,128,0.0,10
99,1,0.7933,256,4,0.3,0.7,0.005,0.0001,300,128,0.0,10
99,2,0.7999,256,4,0.3,0.7,0.005,0.0001,300,128,0.0,10
99,3,0.7681,256,4,0.3,0.7,0.005,0.0001,300,128,0.0,10
99,4,0.7667,256,4,0.3,0.7,0.005,0.0001,300,128,0.0,10
