combo_id,fold,val_recall@10,val_ndcg@10,val_recall@20,val_ndcg@20,val_recall@50,val_ndcg@50,hp_d,hp_d_prime,hp_K,hp_dropout,hp_dropout_gnn,hp_lr,hp_wd,hp_epochs,hp_hidden,hp_label_smoothing,hp_warmup,hp_K_rec,hp_neg_ratio,hp_bpr_reg
0,0,0.1253,0.1339,0.186,0.1618,0.2909,0.2031,128,64,1,0.5,0.1,0.001,0.0001,400,32,0.1,0,50,10,0.001
0,1,0.126,0.1302,0.1905,0.159,0.3013,0.2022,128,64,1,0.5,0.1,0.001,0.0001,400,32,0.1,0,50,10,0.001
0,2,0.1279,0.1372,0.1874,0.1635,0.298,0.2071,128,64,1,0.5,0.1,0.001,0.0001,400,32,0.1,0,50,10,0.001
0,3,0.1266,0.135,0.1893,0.1631,0.3025,0.2077,128,64,1,0.5,0.1,0.001,0.0001,400,32,0.1,0,50,10,0.001
0,4,0.1296,0.1379,0.1921,0.1661,0.3023,0.2099,128,64,1,0.5,0.1,0.001,0.0001,400,32,0.1,0,50,10,0.001
1,0,0.121,0.1293,0.1795,0.156,0.2809,0.196,32,64,1,0.1,0.5,0.001,0.0001,500,64,0.1,0,10,10,0.0001
1,1,0.1085,0.1122,0.1623,0.1363,0.2588,0.1738,32,64,1,0.1,0.5,0.001,0.0001,500,64,0.1,0,10,10,0.0001
1,2,0.1192,0.1285,0.1751,0.1534,0.2787,0.1943,32,64,1,0.1,0.5,0.001,0.0001,500,64,0.1,0,10,10,0.0001
1,3,0.1132,0.12,0.1697,0.1451,0.2655,0.1829,32,64,1,0.1,0.5,0.001,0.0001,500,64,0.1,0,10,10,0.0001
1,4,0.1215,0.1302,0.178,0.1557,0.2864,0.1984,32,64,1,0.1,0.5,0.001,0.0001,500,64,0.1,0,10,10,0.0001
2,0,0.1015,0.109,0.1482,0.1299,0.2364,0.1647,32,128,3,0.5,0.5,0.005,0.0001,200,64,0.0,0,20,5,0.0001
2,1,0.0956,0.1015,0.1424,0.1221,0.2271,0.1551,32,128,3,0.5,0.5,0.005,0.0001,200,64,0.0,0,20,5,0.0001
2,2,0.0961,0.1055,0.1453,0.1269,0.2297,0.1602,32,128,3,0.5,0.5,0.005,0.0001,200,64,0.0,0,20,5,0.0001
2,3,0.0993,0.105,0.1516,0.1285,0.2404,0.1634,32,128,3,0.5,0.5,0.005,0.0001,200,64,0.0,0,20,5,0.0001
2,4,0.1014,0.1087,0.1473,0.1292,0.2338,0.1635,32,128,3,0.5,0.5,0.005,0.0001,200,64,0.0,0,20,5,0.0001
3,0,0.1439,0.1503,0.2158,0.1833,0.338,0.2314,128,32,2,0.1,0.5,0.001,0.0001,500,64,0.1,10,50,5,0.0001
3,1,0.1475,0.1542,0.2164,0.1852,0.3356,0.2321,128,32,2,0.1,0.5,0.001,0.0001,500,64,0.1,10,50,5,0.0001
3,2,0.1429,0.1503,0.212,0.1812,0.3317,0.2286,128,32,2,0.1,0.5,0.001,0.0001,500,64,0.1,10,50,5,0.0001
3,3,0.1512,0.16,0.2252,0.193,0.3472,0.2413,128,32,2,0.1,0.5,0.001,0.0001,500,64,0.1,10,50,5,0.0001
3,4,0.1419,0.1481,0.2183,0.1832,0.3375,0.2304,128,32,2,0.1,0.5,0.001,0.0001,500,64,0.1,10,50,5,0.0001
4,0,0.1002,0.1081,0.1481,0.1299,0.2354,0.1643,64,128,6,0.5,0.1,0.001,0.0001,200,128,0.0,10,50,10,0.001
4,1,0.1003,0.1059,0.1509,0.1283,0.2412,0.1636,64,128,6,0.5,0.1,0.001,0.0001,200,128,0.0,10,50,10,0.001
4,2,0.0972,0.1058,0.1469,0.1274,0.2318,0.1608,64,128,6,0.5,0.1,0.001,0.0001,200,128,0.0,10,50,10,0.001
4,3,0.1006,0.1054,0.1493,0.1269,0.24,0.1627,64,128,6,0.5,0.1,0.001,0.0001,200,128,0.0,10,50,10,0.001
4,4,0.1021,0.1083,0.1489,0.1294,0.2338,0.1629,64,128,6,0.5,0.1,0.001,0.0001,200,128,0.0,10,50,10,0.001
5,0,0.1377,0.1478,0.2046,0.1784,0.322,0.2249,128,128,6,0.1,0.5,0.001,0.0001,300,64,0.0,10,20,10,0.001
5,1,0.1358,0.1402,0.1994,0.169,0.3205,0.2163,128,128,6,0.1,0.5,0.001,0.0001,300,64,0.0,10,20,10,0.001
5,2,0.1355,0.1433,0.2015,0.1729,0.3133,0.2175,128,128,6,0.1,0.5,0.001,0.0001,300,64,0.0,10,20,10,0.001
5,3,0.1432,0.1514,0.2099,0.1811,0.3268,0.2272,128,128,6,0.1,0.5,0.001,0.0001,300,64,0.0,10,20,10,0.001
5,4,0.135,0.1434,0.2027,0.1741,0.3195,0.2204,128,128,6,0.1,0.5,0.001,0.0001,300,64,0.0,10,20,10,0.001
6,0,0.1284,0.1382,0.1916,0.1669,0.2997,0.2097,128,64,2,0.5,0.1,0.005,0.0001,700,64,0.1,10,50,10,0.001
6,1,0.126,0.1325,0.1905,0.1611,0.3062,0.2059,128,64,2,0.5,0.1,0.005,0.0001,700,64,0.1,10,50,10,0.001
6,2,0.1264,0.1362,0.1867,0.1631,0.2983,0.2068,128,64,2,0.5,0.1,0.005,0.0001,700,64,0.1,10,50,10,0.001
6,3,0.1294,0.1358,0.1931,0.1644,0.3052,0.2085,128,64,2,0.5,0.1,0.005,0.0001,700,64,0.1,10,50,10,0.001
6,4,0.1293,0.1384,0.1876,0.1646,0.2955,0.2071,128,64,2,0.5,0.1,0.005,0.0001,700,64,0.1,10,50,10,0.001
7,0,0.127,0.1348,0.1898,0.1632,0.2973,0.2057,128,64,2,0.5,0.5,0.001,0.0001,1000,128,0.0,10,20,10,0.0001
7,1,0.1306,0.1374,0.1977,0.1672,0.3121,0.212,128,64,2,0.5,0.5,0.001,0.0001,1000,128,0.0,10,20,10,0.0001
7,2,0.1325,0.1407,0.1975,0.1696,0.3111,0.2144,128,64,2,0.5,0.5,0.001,0.0001,1000,128,0.0,10,20,10,0.0001
7,3,0.1372,0.1449,0.2062,0.1758,0.3247,0.2225,128,64,2,0.5,0.5,0.001,0.0001,1000,128,0.0,10,20,10,0.0001
7,4,0.1315,0.1404,0.1962,0.1698,0.3092,0.2145,128,64,2,0.5,0.5,0.001,0.0001,1000,128,0.0,10,20,10,0.0001
8,0,0.1264,0.1352,0.1851,0.1617,0.2871,0.2021,64,128,1,0.5,0.1,0.005,0.0001,700,32,0.0,0,20,5,0.001
8,1,0.1082,0.1133,0.1632,0.1377,0.259,0.1749,64,128,1,0.5,0.1,0.005,0.0001,700,32,0.0,0,20,5,0.001
8,2,0.121,0.1292,0.1819,0.1564,0.2823,0.1961,64,128,1,0.5,0.1,0.005,0.0001,700,32,0.0,0,20,5,0.001
8,3,0.1254,0.1312,0.1879,0.1595,0.2994,0.2033,64,128,1,0.5,0.1,0.005,0.0001,700,32,0.0,0,20,5,0.001
8,4,0.1113,0.1195,0.1624,0.1423,0.2577,0.1798,64,128,1,0.5,0.1,0.005,0.0001,700,32,0.0,0,20,5,0.001
9,0,0.1107,0.1195,0.1675,0.1452,0.2614,0.1824,64,64,5,0.5,0.5,0.005,0.0001,600,128,0.1,0,10,5,0.001
9,1,0.108,0.1146,0.1641,0.1393,0.2656,0.1789,64,64,5,0.5,0.5,0.005,0.0001,600,128,0.1,0,10,5,0.001
9,2,0.1096,0.1182,0.1629,0.142,0.2611,0.1806,64,64,5,0.5,0.5,0.005,0.0001,600,128,0.1,0,10,5,0.001
9,3,0.1108,0.1184,0.1679,0.1439,0.2731,0.1851,64,64,5,0.5,0.5,0.005,0.0001,600,128,0.1,0,10,5,0.001
9,4,0.1125,0.1201,0.1629,0.1428,0.259,0.1804,64,64,5,0.5,0.5,0.005,0.0001,600,128,0.1,0,10,5,0.001
10,0,0.1123,0.1201,0.1672,0.145,0.2634,0.183,64,128,3,0.5,0.5,0.001,0.0001,1000,128,0.0,10,20,10,0.0001
10,1,0.1075,0.1124,0.1642,0.1376,0.2625,0.176,64,128,3,0.5,0.5,0.001,0.0001,1000,128,0.0,10,20,10,0.0001
10,2,0.1201,0.1279,0.1796,0.1544,0.2841,0.1956,64,128,3,0.5,0.5,0.001,0.0001,1000,128,0.0,10,20,10,0.0001
10,3,0.1245,0.1311,0.1856,0.1584,0.2997,0.2032,64,128,3,0.5,0.5,0.001,0.0001,1000,128,0.0,10,20,10,0.0001
10,4,0.1117,0.1195,0.1625,0.1424,0.2541,0.1789,64,128,3,0.5,0.5,0.001,0.0001,1000,128,0.0,10,20,10,0.0001
11,0,0.1275,0.1349,0.1899,0.1633,0.2967,0.2055,128,128,5,0.5,0.5,0.001,0.0001,700,128,0.0,0,10,5,0.0001
11,1,0.1328,0.1381,0.2,0.1681,0.3156,0.2134,128,128,5,0.5,0.5,0.001,0.0001,700,128,0.0,0,10,5,0.0001
11,2,0.1243,0.1323,0.183,0.1585,0.2917,0.2015,128,128,5,0.5,0.5,0.001,0.0001,700,128,0.0,0,10,5,0.0001
11,3,0.1267,0.1351,0.1915,0.164,0.3052,0.2087,128,128,5,0.5,0.5,0.001,0.0001,700,128,0.0,0,10,5,0.0001
11,4,0.1338,0.143,0.197,0.1716,0.3115,0.2165,128,128,5,0.5,0.5,0.001,0.0001,700,128,0.0,0,10,5,0.0001
12,0,0.1412,0.1477,0.2074,0.1776,0.329,0.2256,128,128,6,0.1,0.1,0.005,0.0001,200,64,0.1,10,10,5,0.0001
12,1,0.1423,0.1478,0.215,0.1804,0.3299,0.2256,128,128,6,0.1,0.1,0.005,0.0001,200,64,0.1,10,10,5,0.0001
12,2,0.1364,0.1435,0.2013,0.1727,0.3196,0.2194,128,128,6,0.1,0.1,0.005,0.0001,200,64,0.1,10,10,5,0.0001
12,3,0.1479,0.1549,0.2192,0.1868,0.3389,0.2339,128,128,6,0.1,0.1,0.005,0.0001,200,64,0.1,10,10,5,0.0001
12,4,0.1353,0.1436,0.1955,0.1709,0.3106,0.2165,128,128,6,0.1,0.1,0.005,0.0001,200,64,0.1,10,10,5,0.0001
13,0,0.1207,0.1286,0.1779,0.1546,0.2804,0.1952,32,32,6,0.1,0.5,0.001,0.0001,400,32,0.0,10,20,10,0.0001
13,1,0.1151,0.1185,0.1689,0.1424,0.2706,0.182,32,32,6,0.1,0.5,0.001,0.0001,400,32,0.0,10,20,10,0.0001
13,2,0.1183,0.1272,0.1757,0.1528,0.2727,0.191,32,32,6,0.1,0.5,0.001,0.0001,400,32,0.0,10,20,10,0.0001
13,3,0.1193,0.127,0.1762,0.1522,0.282,0.1937,32,32,6,0.1,0.5,0.001,0.0001,400,32,0.0,10,20,10,0.0001
13,4,0.1169,0.1267,0.1708,0.1506,0.2772,0.1928,32,32,6,0.1,0.5,0.001,0.0001,400,32,0.0,10,20,10,0.0001
14,0,0.1127,0.1216,0.1689,0.1472,0.2652,0.1851,64,64,3,0.5,0.1,0.001,0.0001,600,64,0.1,10,50,5,0.001
14,1,0.1072,0.1129,0.1645,0.1384,0.2644,0.1773,64,64,3,0.5,0.1,0.001,0.0001,600,64,0.1,10,50,5,0.001
14,2,0.1112,0.12,0.1638,0.1432,0.2601,0.1812,64,64,3,0.5,0.1,0.001,0.0001,600,64,0.1,10,50,5,0.001
14,3,0.1126,0.1192,0.1705,0.145,0.2754,0.1861,64,64,3,0.5,0.1,0.001,0.0001,600,64,0.1,10,50,5,0.001
14,4,0.1107,0.1201,0.1615,0.1428,0.2622,0.1824,64,64,3,0.5,0.1,0.001,0.0001,600,64,0.1,10,50,5,0.001
15,0,0.1248,0.1339,0.1867,0.162,0.2939,0.2046,32,64,1,0.1,0.1,0.005,0.0001,300,32,0.0,0,50,5,0.0001
15,1,0.1242,0.1298,0.1834,0.1559,0.2939,0.1992,32,64,1,0.1,0.1,0.005,0.0001,300,32,0.0,0,50,5,0.0001
15,2,0.1191,0.1278,0.1802,0.1553,0.2867,0.1972,32,64,1,0.1,0.1,0.005,0.0001,300,32,0.0,0,50,5,0.0001
15,3,0.124,0.1308,0.1879,0.1597,0.2972,0.2027,32,64,1,0.1,0.1,0.005,0.0001,300,32,0.0,0,50,5,0.0001
15,4,0.124,0.1301,0.1824,0.1565,0.2883,0.1985,32,64,1,0.1,0.1,0.005,0.0001,300,32,0.0,0,50,5,0.0001
16,0,0.1002,0.1087,0.1468,0.1295,0.2352,0.1644,32,32,3,0.5,0.5,0.001,0.0001,700,128,0.1,10,20,5,0.001
16,1,0.0954,0.1008,0.1446,0.1224,0.2317,0.1564,32,32,3,0.5,0.5,0.001,0.0001,700,128,0.1,10,20,5,0.001
16,2,0.0992,0.1075,0.1474,0.1283,0.2316,0.1614,32,32,3,0.5,0.5,0.001,0.0001,700,128,0.1,10,20,5,0.001
16,3,0.1008,0.1063,0.1543,0.1304,0.2401,0.1641,32,32,3,0.5,0.5,0.001,0.0001,700,128,0.1,10,20,5,0.001
16,4,0.1052,0.113,0.1533,0.1346,0.245,0.1706,32,32,3,0.5,0.5,0.001,0.0001,700,128,0.1,10,20,5,0.001
17,0,0.0698,0.0755,0.1104,0.0942,0.1832,0.1228,32,32,1,0.5,0.1,0.001,0.0001,300,128,0.0,10,50,10,0.0001
17,1,0.0929,0.0982,0.1399,0.1192,0.2261,0.1527,32,32,1,0.5,0.1,0.001,0.0001,300,128,0.0,10,50,10,0.0001
17,2,0.0875,0.0943,0.1286,0.1122,0.2116,0.1445,32,32,1,0.5,0.1,0.001,0.0001,300,128,0.0,10,50,10,0.0001
17,3,0.0998,0.1046,0.149,0.1266,0.238,0.1616,32,32,1,0.5,0.1,0.001,0.0001,300,128,0.0,10,50,10,0.0001
17,4,0.0965,0.104,0.142,0.1239,0.2216,0.1556,32,32,1,0.5,0.1,0.001,0.0001,300,128,0.0,10,50,10,0.0001
18,0,0.1041,0.1117,0.1545,0.1345,0.2471,0.1711,32,128,5,0.5,0.5,0.005,0.0001,400,64,0.1,0,10,10,0.0001
18,1,0.1043,0.1088,0.1582,0.1327,0.2529,0.1697,32,128,5,0.5,0.5,0.005,0.0001,400,64,0.1,0,10,10,0.0001
18,2,0.1011,0.1088,0.1477,0.1293,0.2403,0.1657,32,128,5,0.5,0.5,0.005,0.0001,400,64,0.1,0,10,10,0.0001
18,3,0.1071,0.1127,0.1591,0.1356,0.2575,0.1744,32,128,5,0.5,0.5,0.005,0.0001,400,64,0.1,0,10,10,0.0001
18,4,0.1009,0.1077,0.1459,0.128,0.233,0.1624,32,128,5,0.5,0.5,0.005,0.0001,400,64,0.1,0,10,10,0.0001
19,0,0.1305,0.139,0.192,0.167,0.297,0.2085,128,32,5,0.5,0.5,0.005,0.0001,500,128,0.1,10,10,10,0.001
19,1,0.1283,0.1331,0.1921,0.1614,0.3046,0.2051,128,32,5,0.5,0.5,0.005,0.0001,500,128,0.1,10,10,10,0.001
19,2,0.1245,0.1338,0.183,0.1599,0.291,0.2024,128,32,5,0.5,0.5,0.005,0.0001,500,128,0.1,10,10,10,0.001
19,3,0.1264,0.1334,0.1894,0.1616,0.2986,0.2045,128,32,5,0.5,0.5,0.005,0.0001,500,128,0.1,10,10,10,0.001
19,4,0.1289,0.1374,0.1865,0.1634,0.2949,0.206,128,32,5,0.5,0.5,0.005,0.0001,500,128,0.1,10,10,10,0.001
20,0,0.1277,0.1352,0.1884,0.1631,0.2953,0.2053,128,32,4,0.5,0.5,0.001,0.0001,500,128,0.0,0,20,5,0.0001
20,1,0.1256,0.1312,0.1908,0.1602,0.3008,0.2034,128,32,4,0.5,0.5,0.001,0.0001,500,128,0.0,0,20,5,0.0001
20,2,0.1254,0.1332,0.1832,0.1588,0.2882,0.2003,128,32,4,0.5,0.5,0.001,0.0001,500,128,0.0,0,20,5,0.0001
20,3,0.1265,0.1344,0.1869,0.1614,0.2984,0.2051,128,32,4,0.5,0.5,0.001,0.0001,500,128,0.0,0,20,5,0.0001
20,4,0.1327,0.1419,0.1962,0.1706,0.3096,0.2155,128,32,4,0.5,0.5,0.001,0.0001,500,128,0.0,0,20,5,0.0001
21,0,0.103,0.1108,0.1515,0.1329,0.24,0.1678,64,32,5,0.5,0.5,0.001,0.0001,300,64,0.0,10,20,5,0.001
21,1,0.099,0.1039,0.1498,0.1264,0.238,0.1609,64,32,5,0.5,0.5,0.001,0.0001,300,64,0.0,10,20,5,0.001
21,2,0.109,0.1185,0.1586,0.1404,0.2515,0.1769,64,32,5,0.5,0.5,0.001,0.0001,300,64,0.0,10,20,5,0.001
21,3,0.1039,0.1097,0.1561,0.133,0.2464,0.1688,64,32,5,0.5,0.5,0.001,0.0001,300,64,0.0,10,20,5,0.001
21,4,0.1045,0.112,0.1529,0.1339,0.2387,0.1679,64,32,5,0.5,0.5,0.001,0.0001,300,64,0.0,10,20,5,0.001
22,0,0.1433,0.1512,0.2098,0.1815,0.3316,0.2297,128,128,4,0.1,0.1,0.005,0.0001,200,128,0.0,0,10,10,0.001
22,1,0.1414,0.147,0.2089,0.1773,0.328,0.2243,128,128,4,0.1,0.1,0.005,0.0001,200,128,0.0,0,10,10,0.001
22,2,0.1358,0.1443,0.2013,0.1736,0.3183,0.2198,128,128,4,0.1,0.1,0.005,0.0001,200,128,0.0,0,10,10,0.001
22,3,0.1425,0.1491,0.2154,0.1822,0.3325,0.2284,128,128,4,0.1,0.1,0.005,0.0001,200,128,0.0,0,10,10,0.001
22,4,0.1381,0.1467,0.2,0.1744,0.3148,0.2199,128,128,4,0.1,0.1,0.005,0.0001,200,128,0.0,0,10,10,0.001
23,0,0.137,0.1443,0.1999,0.1728,0.316,0.2186,32,128,1,0.1,0.5,0.005,0.0001,600,64,0.0,0,20,10,0.0001
23,1,0.1298,0.1371,0.1967,0.1667,0.3096,0.2113,32,128,1,0.1,0.5,0.005,0.0001,600,64,0.0,0,20,10,0.0001
23,2,0.1307,0.138,0.1941,0.1661,0.3075,0.2109,32,128,1,0.1,0.5,0.005,0.0001,600,64,0.0,0,20,10,0.0001
23,3,0.1367,0.143,0.2018,0.1721,0.3189,0.2181,32,128,1,0.1,0.5,0.005,0.0001,600,64,0.0,0,20,10,0.0001
23,4,0.1312,0.1371,0.1943,0.1661,0.3032,0.2093,32,128,1,0.1,0.5,0.005,0.0001,600,64,0.0,0,20,10,0.0001
24,0,0.1264,0.1349,0.1864,0.1622,0.2907,0.2036,32,64,6,0.1,0.1,0.005,0.0001,200,32,0.1,10,20,5,0.001
24,1,0.1239,0.1297,0.1849,0.1568,0.2928,0.1988,32,64,6,0.1,0.1,0.005,0.0001,200,32,0.1,10,20,5,0.001
24,2,0.1148,0.1226,0.1703,0.147,0.2708,0.1868,32,64,6,0.1,0.1,0.005,0.0001,200,32,0.1,10,20,5,0.001
24,3,0.1124,0.1169,0.1671,0.1417,0.2619,0.1791,32,64,6,0.1,0.1,0.005,0.0001,200,32,0.1,10,20,5,0.001
24,4,0.1247,0.1337,0.1853,0.1612,0.2917,0.203,32,64,6,0.1,0.1,0.005,0.0001,200,32,0.1,10,20,5,0.001
25,0,0.0992,0.1077,0.1464,0.1289,0.2324,0.163,32,128,3,0.5,0.1,0.005,0.0001,1000,64,0.1,0,10,5,0.001
25,1,0.1035,0.1094,0.1566,0.1329,0.2566,0.1717,32,128,3,0.5,0.1,0.005,0.0001,1000,64,0.1,0,10,5,0.001
25,2,0.1047,0.1139,0.1566,0.1368,0.2525,0.1742,32,128,3,0.5,0.1,0.005,0.0001,1000,64,0.1,0,10,5,0.001
25,3,0.1066,0.1134,0.1626,0.1386,0.2651,0.1788,32,128,3,0.5,0.1,0.005,0.0001,1000,64,0.1,0,10,5,0.001
25,4,0.1105,0.1188,0.1595,0.1407,0.2553,0.1784,32,128,3,0.5,0.1,0.005,0.0001,1000,64,0.1,0,10,5,0.001
26,0,0.1274,0.1363,0.1933,0.1662,0.2966,0.2071,128,32,4,0.5,0.1,0.005,0.0001,1000,128,0.0,10,50,10,0.0001
26,1,0.1244,0.1294,0.1882,0.1575,0.2997,0.2009,128,32,4,0.5,0.1,0.005,0.0001,1000,128,0.0,10,50,10,0.0001
26,2,0.1238,0.1332,0.1838,0.1601,0.2911,0.2023,128,32,4,0.5,0.1,0.005,0.0001,1000,128,0.0,10,50,10,0.0001
26,3,0.1359,0.1415,0.2068,0.1738,0.3223,0.2194,128,32,4,0.5,0.1,0.005,0.0001,1000,128,0.0,10,50,10,0.0001
26,4,0.1254,0.1344,0.1836,0.1606,0.2921,0.2036,128,32,4,0.5,0.1,0.005,0.0001,1000,128,0.0,10,50,10,0.0001
27,0,0.1286,0.1364,0.1877,0.1633,0.2947,0.2053,32,64,1,0.1,0.5,0.005,0.0001,200,128,0.1,10,10,5,0.0001
27,1,0.1225,0.1272,0.1824,0.1538,0.2909,0.1963,32,64,1,0.1,0.5,0.005,0.0001,200,128,0.1,10,10,5,0.0001
27,2,0.1245,0.133,0.1843,0.1596,0.292,0.2022,32,64,1,0.1,0.5,0.005,0.0001,200,128,0.1,10,10,5,0.0001
27,3,0.125,0.1315,0.1864,0.1592,0.2947,0.2019,32,64,1,0.1,0.5,0.005,0.0001,200,128,0.1,10,10,5,0.0001
27,4,0.1241,0.1325,0.1806,0.1581,0.2874,0.2004,32,64,1,0.1,0.5,0.005,0.0001,200,128,0.1,10,10,5,0.0001
28,0,0.1108,0.1204,0.1669,0.1457,0.2621,0.1835,64,128,6,0.5,0.5,0.005,0.0001,1000,128,0.1,0,50,10,0.001
28,1,0.1074,0.1138,0.1639,0.1387,0.2635,0.1779,64,128,6,0.5,0.5,0.005,0.0001,1000,128,0.1,0,50,10,0.001
28,2,0.1093,0.1175,0.1635,0.1415,0.2597,0.1795,64,128,6,0.5,0.5,0.005,0.0001,1000,128,0.1,0,50,10,0.001
28,3,0.1117,0.1196,0.1708,0.1459,0.2738,0.1864,64,128,6,0.5,0.5,0.005,0.0001,1000,128,0.1,0,50,10,0.001
28,4,0.1129,0.1208,0.1623,0.1429,0.2617,0.1821,64,128,6,0.5,0.5,0.005,0.0001,1000,128,0.1,0,50,10,0.001
29,0,0.1247,0.132,0.1891,0.1613,0.2975,0.2043,32,32,4,0.1,0.5,0.001,0.0001,1000,128,0.1,0,50,5,0.0001
29,1,0.1253,0.131,0.1885,0.1592,0.2997,0.2029,32,32,4,0.1,0.5,0.001,0.0001,1000,128,0.1,0,50,5,0.0001
29,2,0.1241,0.1317,0.1857,0.1592,0.2933,0.2016,32,32,4,0.1,0.5,0.001,0.0001,1000,128,0.1,0,50,5,0.0001
29,3,0.1244,0.1305,0.1849,0.1575,0.2919,0.1997,32,32,4,0.1,0.5,0.001,0.0001,1000,128,0.1,0,50,5,0.0001
29,4,0.1278,0.1352,0.1875,0.1621,0.3001,0.2062,32,32,4,0.1,0.5,0.001,0.0001,1000,128,0.1,0,50,5,0.0001
30,0,0.1215,0.1304,0.1784,0.1562,0.285,0.1983,64,64,3,0.5,0.1,0.005,0.0001,700,64,0.0,10,10,5,0.0001
30,1,0.12,0.1251,0.183,0.1531,0.2923,0.1955,64,64,3,0.5,0.1,0.005,0.0001,700,64,0.0,10,10,5,0.0001
30,2,0.1068,0.1143,0.1597,0.1378,0.2567,0.176,64,64,3,0.5,0.1,0.005,0.0001,700,64,0.0,10,10,5,0.0001
30,3,0.1112,0.1174,0.1669,0.1422,0.2701,0.1825,64,64,3,0.5,0.1,0.005,0.0001,700,64,0.0,10,10,5,0.0001
30,4,0.1105,0.1193,0.1615,0.1421,0.2612,0.1812,64,64,3,0.5,0.1,0.005,0.0001,700,64,0.0,10,10,5,0.0001
31,0,0.1157,0.1232,0.1718,0.1486,0.2669,0.1862,128,128,4,0.5,0.1,0.005,0.0001,600,64,0.1,0,50,5,0.001
31,1,0.1228,0.1294,0.1881,0.1582,0.2998,0.2019,128,128,4,0.5,0.1,0.005,0.0001,600,64,0.1,0,50,5,0.001
31,2,0.1267,0.1348,0.1851,0.1606,0.2916,0.2027,128,128,4,0.5,0.1,0.005,0.0001,600,64,0.1,0,50,5,0.001
31,3,0.1305,0.1372,0.1937,0.1656,0.3056,0.2094,128,128,4,0.5,0.1,0.005,0.0001,600,64,0.1,0,50,5,0.001
31,4,0.128,0.1368,0.1868,0.1634,0.2947,0.2058,128,128,4,0.5,0.1,0.005,0.0001,600,64,0.1,0,50,5,0.001
32,0,0.0982,0.1064,0.1454,0.1278,0.2314,0.1616,64,32,4,0.5,0.1,0.001,0.0001,200,64,0.1,0,20,10,0.001
32,1,0.0972,0.102,0.1479,0.1244,0.2356,0.1586,64,32,4,0.5,0.1,0.001,0.0001,200,64,0.1,0,20,10,0.001
32,2,0.1033,0.1101,0.1532,0.132,0.2383,0.1655,64,32,4,0.5,0.1,0.001,0.0001,200,64,0.1,0,20,10,0.001
32,3,0.1102,0.1157,0.1612,0.1384,0.2609,0.1777,64,32,4,0.5,0.1,0.001,0.0001,200,64,0.1,0,20,10,0.001
32,4,0.1026,0.1086,0.1508,0.13,0.2334,0.1629,64,32,4,0.5,0.1,0.001,0.0001,200,64,0.1,0,20,10,0.001
33,0,0.1373,0.1443,0.2029,0.1741,0.3143,0.218,64,128,3,0.1,0.1,0.001,0.0001,700,32,0.0,10,10,10,0.001
33,1,0.139,0.1441,0.2091,0.1755,0.3234,0.2201,64,128,3,0.1,0.1,0.001,0.0001,700,32,0.0,10,10,10,0.001
33,2,0.1316,0.1406,0.1955,0.1693,0.3076,0.2136,64,128,3,0.1,0.1,0.001,0.0001,700,32,0.0,10,10,10,0.001
33,3,0.147,0.1547,0.2171,0.1863,0.3348,0.2325,64,128,3,0.1,0.1,0.001,0.0001,700,32,0.0,10,10,10,0.001
33,4,0.1337,0.1408,0.1976,0.1698,0.3107,0.2147,64,128,3,0.1,0.1,0.001,0.0001,700,32,0.0,10,10,10,0.001
34,0,0.1277,0.1367,0.1909,0.1655,0.2979,0.2078,128,32,3,0.5,0.1,0.001,0.0001,500,128,0.0,0,50,5,0.001
34,1,0.1245,0.1291,0.1874,0.1573,0.298,0.2003,128,32,3,0.5,0.1,0.001,0.0001,500,128,0.0,0,50,5,0.001
34,2,0.1249,0.1338,0.184,0.1601,0.2889,0.2016,128,32,3,0.5,0.1,0.001,0.0001,500,128,0.0,0,50,5,0.001
34,3,0.1287,0.1358,0.1906,0.1637,0.3053,0.2089,128,32,3,0.5,0.1,0.001,0.0001,500,128,0.0,0,50,5,0.001
34,4,0.1259,0.1338,0.1853,0.1608,0.2935,0.2035,128,32,3,0.5,0.1,0.001,0.0001,500,128,0.0,0,50,5,0.001
35,0,0.1329,0.1398,0.2011,0.1712,0.3156,0.2164,128,128,2,0.5,0.5,0.001,0.0001,1000,128,0.0,10,50,10,0.0001
35,1,0.1321,0.1369,0.1987,0.1668,0.3129,0.2114,128,128,2,0.5,0.5,0.001,0.0001,1000,128,0.0,10,50,10,0.0001
35,2,0.131,0.1399,0.1968,0.1692,0.3124,0.2148,128,128,2,0.5,0.5,0.001,0.0001,1000,128,0.0,10,50,10,0.0001
35,3,0.1442,0.1502,0.2148,0.1822,0.3369,0.2304,128,128,2,0.5,0.5,0.001,0.0001,1000,128,0.0,10,50,10,0.0001
35,4,0.1354,0.1439,0.1973,0.1718,0.3144,0.2179,128,128,2,0.5,0.5,0.001,0.0001,1000,128,0.0,10,50,10,0.0001
36,0,0.1263,0.1353,0.1892,0.1641,0.2952,0.2059,128,32,3,0.5,0.5,0.005,0.0001,700,32,0.1,10,50,10,0.0001
36,1,0.1229,0.1296,0.1872,0.1582,0.2998,0.2019,128,32,3,0.5,0.5,0.005,0.0001,700,32,0.1,10,50,10,0.0001
36,2,0.1311,0.1394,0.2002,0.1703,0.3117,0.2147,128,32,3,0.5,0.5,0.005,0.0001,700,32,0.1,10,50,10,0.0001
36,3,0.1291,0.1356,0.1906,0.1633,0.3034,0.2075,128,32,3,0.5,0.5,0.005,0.0001,700,32,0.1,10,50,10,0.0001
36,4,0.1261,0.1342,0.1853,0.1608,0.2966,0.2046,128,32,3,0.5,0.5,0.005,0.0001,700,32,0.1,10,50,10,0.0001
37,0,0.1292,0.1376,0.1918,0.1659,0.2996,0.2086,128,128,2,0.5,0.5,0.005,0.0001,300,64,0.1,10,10,5,0.001
37,1,0.1238,0.1299,0.1883,0.1583,0.2957,0.2,128,128,2,0.5,0.5,0.005,0.0001,300,64,0.1,10,10,5,0.001
37,2,0.1236,0.1322,0.1813,0.1578,0.2899,0.2006,128,128,2,0.5,0.5,0.005,0.0001,300,64,0.1,10,10,5,0.001
37,3,0.1292,0.1365,0.1923,0.1649,0.3064,0.2096,128,128,2,0.5,0.5,0.005,0.0001,300,64,0.1,10,10,5,0.001
37,4,0.1289,0.1378,0.186,0.1634,0.2973,0.2069,128,128,2,0.5,0.5,0.005,0.0001,300,64,0.1,10,10,5,0.001
38,0,0.1077,0.1158,0.162,0.1404,0.2558,0.1778,64,32,5,0.5,0.5,0.005,0.0001,300,128,0.1,0,20,10,0.001
38,1,0.1023,0.1075,0.1555,0.1311,0.2555,0.1701,64,32,5,0.5,0.5,0.005,0.0001,300,128,0.1,0,20,10,0.001
38,2,0.0978,0.1057,0.1442,0.1259,0.2283,0.1587,64,32,5,0.5,0.5,0.005,0.0001,300,128,0.1,0,20,10,0.001
38,3,0.111,0.1177,0.1686,0.1433,0.2692,0.1827,64,32,5,0.5,0.5,0.005,0.0001,300,128,0.1,0,20,10,0.001
38,4,0.1079,0.1166,0.1555,0.138,0.2557,0.1772,64,32,5,0.5,0.5,0.005,0.0001,300,128,0.1,0,20,10,0.001
39,0,0.1169,0.1248,0.1723,0.1501,0.2756,0.1909,64,32,3,0.1,0.5,0.001,0.0001,200,32,0.1,0,20,5,0.001
39,1,0.114,0.1205,0.17,0.1453,0.2705,0.1843,64,32,3,0.1,0.5,0.001,0.0001,200,32,0.1,0,20,5,0.001
39,2,0.1169,0.1254,0.1711,0.1495,0.2717,0.1891,64,32,3,0.1,0.5,0.001,0.0001,200,32,0.1,0,20,5,0.001
39,3,0.1123,0.1196,0.1686,0.1449,0.2751,0.1868,64,32,3,0.1,0.5,0.001,0.0001,200,32,0.1,0,20,5,0.001
39,4,0.1182,0.1263,0.1738,0.1512,0.2774,0.1923,64,32,3,0.1,0.5,0.001,0.0001,200,32,0.1,0,20,5,0.001
40,0,0.1431,0.1502,0.2111,0.1814,0.3312,0.2287,64,32,1,0.1,0.1,0.005,0.0001,400,64,0.0,10,10,5,0.0001
40,1,0.1425,0.1491,0.2094,0.1789,0.3244,0.224,64,32,1,0.1,0.1,0.005,0.0001,400,64,0.0,10,10,5,0.0001
40,2,0.1365,0.1448,0.2009,0.1736,0.3224,0.2216,64,32,1,0.1,0.1,0.005,0.0001,400,64,0.0,10,10,5,0.0001
40,3,0.1454,0.1495,0.2162,0.1812,0.3341,0.228,64,32,1,0.1,0.1,0.005,0.0001,400,64,0.0,10,10,5,0.0001
40,4,0.1381,0.1464,0.2106,0.1794,0.3308,0.2273,64,32,1,0.1,0.1,0.005,0.0001,400,64,0.0,10,10,5,0.0001
41,0,0.1393,0.1453,0.2075,0.1762,0.3229,0.2218,64,32,4,0.1,0.1,0.001,0.0001,1000,64,0.1,0,10,10,0.0001
41,1,0.1418,0.1465,0.2113,0.1775,0.3298,0.2242,64,32,4,0.1,0.1,0.001,0.0001,1000,64,0.1,0,10,10,0.0001
41,2,0.1391,0.1462,0.2022,0.1743,0.3179,0.2203,64,32,4,0.1,0.1,0.001,0.0001,1000,64,0.1,0,10,10,0.0001
41,3,0.1441,0.1505,0.2148,0.1826,0.3325,0.2288,64,32,4,0.1,0.1,0.001,0.0001,1000,64,0.1,0,10,10,0.0001
41,4,0.1385,0.145,0.2059,0.1757,0.3248,0.2227,64,32,4,0.1,0.1,0.001,0.0001,1000,64,0.1,0,10,10,0.0001
42,0,0.1008,0.1089,0.1476,0.1299,0.234,0.1641,32,128,5,0.5,0.1,0.001,0.0001,700,128,0.0,0,50,10,0.001
42,1,0.097,0.1022,0.146,0.1236,0.2333,0.1577,32,128,5,0.5,0.1,0.001,0.0001,700,128,0.0,0,50,10,0.001
42,2,0.0992,0.1071,0.1472,0.1282,0.2316,0.1614,32,128,5,0.5,0.1,0.001,0.0001,700,128,0.0,0,50,10,0.001
42,3,0.1027,0.1084,0.1558,0.1324,0.2495,0.1693,32,128,5,0.5,0.1,0.001,0.0001,700,128,0.0,0,50,10,0.001
42,4,0.1017,0.1096,0.1475,0.1301,0.2329,0.1638,32,128,5,0.5,0.1,0.001,0.0001,700,128,0.0,0,50,10,0.001
43,0,0.1477,0.1543,0.2179,0.1865,0.3394,0.2343,128,64,6,0.1,0.1,0.001,0.0001,700,32,0.0,0,10,10,0.0001
43,1,0.1484,0.1551,0.2222,0.1882,0.342,0.2353,128,64,6,0.1,0.1,0.001,0.0001,700,32,0.0,0,10,10,0.0001
43,2,0.1419,0.1507,0.2123,0.1825,0.3346,0.2309,128,64,6,0.1,0.1,0.001,0.0001,700,32,0.0,0,10,10,0.0001
43,3,0.1505,0.1583,0.2253,0.1919,0.3498,0.2412,128,64,6,0.1,0.1,0.001,0.0001,700,32,0.0,0,10,10,0.0001
43,4,0.1487,0.153,0.2198,0.1854,0.3437,0.2343,128,64,6,0.1,0.1,0.001,0.0001,700,32,0.0,0,10,10,0.0001
44,0,0.1283,0.137,0.1911,0.1655,0.2963,0.2071,128,128,3,0.5,0.5,0.005,0.0001,400,128,0.1,0,50,5,0.001
44,1,0.1244,0.1305,0.1883,0.1589,0.3001,0.2023,128,128,3,0.5,0.5,0.005,0.0001,400,128,0.1,0,50,5,0.001
44,2,0.1242,0.1323,0.1839,0.1588,0.2884,0.1999,128,128,3,0.5,0.5,0.005,0.0001,400,128,0.1,0,50,5,0.001
44,3,0.1293,0.1364,0.1921,0.1647,0.3031,0.2083,128,128,3,0.5,0.5,0.005,0.0001,400,128,0.1,0,50,5,0.001
44,4,0.1274,0.1362,0.1854,0.1624,0.2947,0.2053,128,128,3,0.5,0.5,0.005,0.0001,400,128,0.1,0,50,5,0.001
45,0,0.1295,0.1387,0.191,0.1667,0.2994,0.2095,128,32,5,0.5,0.5,0.005,0.0001,700,128,0.1,0,50,5,0.001
45,1,0.1254,0.1314,0.1908,0.1603,0.3002,0.2031,128,32,5,0.5,0.5,0.005,0.0001,700,128,0.1,0,50,5,0.001
45,2,0.1243,0.1328,0.1844,0.1599,0.2907,0.202,128,32,5,0.5,0.5,0.005,0.0001,700,128,0.1,0,50,5,0.001
45,3,0.127,0.1329,0.1895,0.1614,0.3024,0.2056,128,32,5,0.5,0.5,0.005,0.0001,700,128,0.1,0,50,5,0.001
45,4,0.1283,0.1373,0.1887,0.1646,0.2952,0.2065,128,32,5,0.5,0.5,0.005,0.0001,700,128,0.1,0,50,5,0.001
46,0,0.1092,0.1183,0.1641,0.1431,0.2586,0.1805,64,64,1,0.5,0.5,0.005,0.0001,200,128,0.1,0,10,5,0.0001
46,1,0.1155,0.1201,0.1733,0.1462,0.2775,0.1866,64,64,1,0.5,0.5,0.005,0.0001,200,128,0.1,0,10,5,0.0001
46,2,0.1208,0.1285,0.1734,0.1515,0.2786,0.193,64,64,1,0.5,0.5,0.005,0.0001,200,128,0.1,0,10,5,0.0001
46,3,0.1217,0.1285,0.1807,0.155,0.2845,0.1959,64,64,1,0.5,0.5,0.005,0.0001,200,128,0.1,0,10,5,0.0001
46,4,0.1212,0.1298,0.1753,0.1539,0.2831,0.1966,64,64,1,0.5,0.5,0.005,0.0001,200,128,0.1,0,10,5,0.0001
47,0,0.1223,0.1312,0.1785,0.1568,0.2827,0.198,64,32,6,0.5,0.5,0.001,0.0001,500,128,0.0,10,50,10,0.0001
47,1,0.1195,0.1242,0.1789,0.1506,0.2834,0.1913,64,32,6,0.5,0.5,0.001,0.0001,500,128,0.0,10,50,10,0.0001
47,2,0.1176,0.1264,0.1742,0.1514,0.2752,0.1912,64,32,6,0.5,0.5,0.001,0.0001,500,128,0.0,10,50,10,0.0001
47,3,0.1178,0.1241,0.1743,0.1494,0.2822,0.1918,64,32,6,0.5,0.5,0.001,0.0001,500,128,0.0,10,50,10,0.0001
47,4,0.1105,0.1193,0.1619,0.1425,0.2605,0.1814,64,32,6,0.5,0.5,0.001,0.0001,500,128,0.0,10,50,10,0.0001
48,0,0.1462,0.153,0.2157,0.1847,0.3341,0.2314,128,128,6,0.1,0.1,0.001,0.0001,500,64,0.1,0,50,5,0.001
48,1,0.1448,0.1522,0.2143,0.1833,0.3336,0.2302,128,128,6,0.1,0.1,0.001,0.0001,500,64,0.1,0,50,5,0.001
48,2,0.1419,0.15,0.2114,0.181,0.3257,0.2263,128,128,6,0.1,0.1,0.001,0.0001,500,64,0.1,0,50,5,0.001
48,3,0.1497,0.158,0.2226,0.1907,0.3411,0.2375,128,128,6,0.1,0.1,0.001,0.0001,500,64,0.1,0,50,5,0.001
48,4,0.1398,0.1464,0.2071,0.1769,0.3241,0.2234,128,128,6,0.1,0.1,0.001,0.0001,500,64,0.1,0,50,5,0.001
49,0,0.1265,0.1358,0.1888,0.164,0.2976,0.2071,32,128,6,0.1,0.5,0.001,0.0001,1000,128,0.1,0,50,5,0.0001
49,1,0.1246,0.1297,0.1863,0.157,0.2992,0.201,32,128,6,0.1,0.5,0.001,0.0001,1000,128,0.1,0,50,5,0.0001
49,2,0.1226,0.1302,0.1825,0.157,0.29,0.1991,32,128,6,0.1,0.5,0.001,0.0001,1000,128,0.1,0,50,5,0.0001
49,3,0.1305,0.1364,0.1937,0.1649,0.308,0.2099,32,128,6,0.1,0.5,0.001,0.0001,1000,128,0.1,0,50,5,0.0001
49,4,0.1233,0.1327,0.1847,0.1605,0.2975,0.2048,32,128,6,0.1,0.5,0.001,0.0001,1000,128,0.1,0,50,5,0.0001
50,0,0.097,0.1053,0.1437,0.1265,0.2262,0.159,32,64,4,0.5,0.1,0.001,0.0001,300,128,0.0,10,10,10,0.0001
50,1,0.0746,0.0801,0.1135,0.0973,0.1932,0.1282,32,64,4,0.5,0.1,0.001,0.0001,300,128,0.0,10,10,10,0.0001
50,2,0.0945,0.104,0.142,0.1249,0.2249,0.1573,32,64,4,0.5,0.1,0.001,0.0001,300,128,0.0,10,10,10,0.0001
50,3,0.0967,0.1022,0.1462,0.1241,0.2324,0.1581,32,64,4,0.5,0.1,0.001,0.0001,300,128,0.0,10,10,10,0.0001
50,4,0.0976,0.1059,0.1442,0.1269,0.2264,0.1595,32,64,4,0.5,0.1,0.001,0.0001,300,128,0.0,10,10,10,0.0001
51,0,0.1371,0.1429,0.2052,0.1739,0.3159,0.2178,64,128,3,0.1,0.1,0.005,0.0001,400,32,0.0,10,50,5,0.0001
51,1,0.1386,0.1432,0.207,0.1736,0.3189,0.2181,64,128,3,0.1,0.1,0.005,0.0001,400,32,0.0,10,50,5,0.0001
51,2,0.1385,0.1457,0.2029,0.1743,0.3238,0.2222,64,128,3,0.1,0.1,0.005,0.0001,400,32,0.0,10,50,5,0.0001
51,3,0.1458,0.1521,0.2148,0.183,0.3329,0.2296,64,128,3,0.1,0.1,0.005,0.0001,400,32,0.0,10,50,5,0.0001
51,4,0.1443,0.1523,0.2127,0.1831,0.3329,0.2305,64,128,3,0.1,0.1,0.005,0.0001,400,32,0.0,10,50,5,0.0001
52,0,0.1281,0.1371,0.1919,0.1661,0.2965,0.2074,128,128,4,0.5,0.1,0.005,0.0001,1000,128,0.1,10,20,5,0.001
52,1,0.1239,0.1316,0.19,0.1609,0.3002,0.2043,128,128,4,0.5,0.1,0.005,0.0001,1000,128,0.1,10,20,5,0.001
52,2,0.126,0.1351,0.1849,0.1613,0.2916,0.2033,128,128,4,0.5,0.1,0.005,0.0001,1000,128,0.1,10,20,5,0.001
52,3,0.1305,0.1373,0.1938,0.1659,0.3086,0.211,128,128,4,0.5,0.1,0.005,0.0001,1000,128,0.1,10,20,5,0.001
52,4,0.127,0.136,0.1872,0.1631,0.2972,0.2064,128,128,4,0.5,0.1,0.005,0.0001,1000,128,0.1,10,20,5,0.001
53,0,0.1318,0.1395,0.1948,0.168,0.3043,0.2114,128,128,2,0.5,0.1,0.001,0.0001,700,32,0.1,10,50,5,0.0001
53,1,0.1339,0.1389,0.2001,0.1684,0.3182,0.2148,128,128,2,0.5,0.1,0.001,0.0001,700,32,0.1,10,50,5,0.0001
53,2,0.1327,0.1401,0.1961,0.1687,0.3101,0.2135,128,128,2,0.5,0.1,0.001,0.0001,700,32,0.1,10,50,5,0.0001
53,3,0.1347,0.1409,0.2008,0.1708,0.3148,0.2155,128,128,2,0.5,0.1,0.001,0.0001,700,32,0.1,10,50,5,0.0001
53,4,0.135,0.1435,0.1991,0.1727,0.3143,0.2181,128,128,2,0.5,0.1,0.001,0.0001,700,32,0.1,10,50,5,0.0001
54,0,0.127,0.1356,0.1883,0.1636,0.2959,0.2058,64,64,4,0.1,0.5,0.001,0.0001,300,64,0.1,0,50,10,0.0001
54,1,0.1232,0.1278,0.182,0.1541,0.2961,0.1984,64,64,4,0.1,0.5,0.001,0.0001,300,64,0.1,0,50,10,0.0001
54,2,0.1216,0.1308,0.1806,0.157,0.2845,0.198,64,64,4,0.1,0.5,0.001,0.0001,300,64,0.1,0,50,10,0.0001
54,3,0.1308,0.1385,0.193,0.1663,0.3026,0.2092,64,64,4,0.1,0.5,0.001,0.0001,300,64,0.1,0,50,10,0.0001
54,4,0.1218,0.1311,0.1775,0.1561,0.286,0.199,64,64,4,0.1,0.5,0.001,0.0001,300,64,0.1,0,50,10,0.0001
55,0,0.0998,0.1082,0.149,0.1306,0.2378,0.1658,32,32,3,0.5,0.1,0.001,0.0001,1000,32,0.0,0,20,5,0.001
55,1,0.0972,0.102,0.1465,0.1238,0.2315,0.1569,32,32,3,0.5,0.1,0.001,0.0001,1000,32,0.0,0,20,5,0.001
55,2,0.0984,0.107,0.1462,0.1279,0.2305,0.1609,32,32,3,0.5,0.1,0.001,0.0001,1000,32,0.0,0,20,5,0.001
55,3,0.0989,0.1047,0.1514,0.1285,0.2384,0.1625,32,32,3,0.5,0.1,0.001,0.0001,1000,32,0.0,0,20,5,0.001
55,4,0.1023,0.1097,0.1495,0.1308,0.2335,0.1639,32,32,3,0.5,0.1,0.001,0.0001,1000,32,0.0,0,20,5,0.001
56,0,0.132,0.1401,0.1961,0.1692,0.3115,0.2148,128,32,4,0.5,0.1,0.005,0.0001,400,32,0.0,0,50,5,0.0001
56,1,0.1237,0.1295,0.1861,0.1573,0.2998,0.2017,128,32,4,0.5,0.1,0.005,0.0001,400,32,0.0,0,50,5,0.0001
56,2,0.124,0.1322,0.1841,0.1591,0.2923,0.2016,128,32,4,0.5,0.1,0.005,0.0001,400,32,0.0,0,50,5,0.0001
56,3,0.1268,0.1331,0.1901,0.1616,0.307,0.2074,128,32,4,0.5,0.1,0.005,0.0001,400,32,0.0,0,50,5,0.0001
56,4,0.1275,0.1361,0.185,0.1621,0.2947,0.2052,128,32,4,0.5,0.1,0.005,0.0001,400,32,0.0,0,50,5,0.0001
57,0,0.1091,0.118,0.1636,0.1428,0.2601,0.1808,64,128,6,0.5,0.1,0.001,0.0001,400,32,0.0,10,50,5,0.001
57,1,0.1133,0.1188,0.1699,0.144,0.2711,0.1834,64,128,6,0.5,0.1,0.001,0.0001,400,32,0.0,10,50,5,0.001
57,2,0.1069,0.1143,0.1557,0.1358,0.248,0.1722,64,128,6,0.5,0.1,0.001,0.0001,400,32,0.0,10,50,5,0.001
57,3,0.1087,0.1149,0.1641,0.1399,0.2602,0.1777,64,128,6,0.5,0.1,0.001,0.0001,400,32,0.0,10,50,5,0.001
57,4,0.1086,0.1173,0.1588,0.1398,0.2583,0.179,64,128,6,0.5,0.1,0.001,0.0001,400,32,0.0,10,50,5,0.001
58,0,0.1274,0.1371,0.1912,0.1661,0.2988,0.2088,128,32,6,0.5,0.1,0.005,0.0001,600,64,0.1,10,10,5,0.001
58,1,0.125,0.1303,0.1889,0.1584,0.2996,0.2016,128,32,6,0.5,0.1,0.005,0.0001,600,64,0.1,10,10,5,0.001
58,2,0.1261,0.1331,0.1842,0.159,0.2882,0.2,128,32,6,0.5,0.1,0.005,0.0001,600,64,0.1,10,10,5,0.001
58,3,0.1252,0.132,0.1867,0.1597,0.2998,0.2041,128,32,6,0.5,0.1,0.005,0.0001,600,64,0.1,10,10,5,0.001
58,4,0.1266,0.1355,0.184,0.1614,0.2899,0.2033,128,32,6,0.5,0.1,0.005,0.0001,600,64,0.1,10,10,5,0.001
59,0,0.1361,0.1428,0.2014,0.1726,0.3143,0.217,32,64,1,0.1,0.5,0.005,0.0001,1000,64,0.0,0,20,5,0.001
59,1,0.1398,0.1453,0.2058,0.1743,0.3188,0.2186,32,64,1,0.1,0.5,0.005,0.0001,1000,64,0.0,0,20,5,0.001
59,2,0.1343,0.1425,0.1969,0.1705,0.3137,0.2168,32,64,1,0.1,0.5,0.005,0.0001,1000,64,0.0,0,20,5,0.001
59,3,0.1383,0.144,0.2076,0.1752,0.3255,0.2216,32,64,1,0.1,0.5,0.005,0.0001,1000,64,0.0,0,20,5,0.001
59,4,0.137,0.1446,0.2009,0.1736,0.3088,0.2164,32,64,1,0.1,0.5,0.005,0.0001,1000,64,0.0,0,20,5,0.001
60,0,0.1005,0.1088,0.146,0.1291,0.2329,0.1634,32,128,1,0.5,0.5,0.005,0.0001,500,32,0.1,0,50,5,0.001
60,1,0.1015,0.1065,0.1538,0.1296,0.2463,0.1657,32,128,1,0.5,0.5,0.005,0.0001,500,32,0.1,0,50,5,0.001
60,2,0.1083,0.1169,0.1594,0.1395,0.2525,0.176,32,128,1,0.5,0.5,0.005,0.0001,500,32,0.1,0,50,5,0.001
60,3,0.1064,0.1126,0.1589,0.136,0.2596,0.1755,32,128,1,0.5,0.5,0.005,0.0001,500,32,0.1,0,50,5,0.001
60,4,0.11,0.1174,0.1588,0.1392,0.2522,0.176,32,128,1,0.5,0.5,0.005,0.0001,500,32,0.1,0,50,5,0.001
61,0,0.134,0.1419,0.1981,0.1713,0.3108,0.2157,128,64,1,0.5,0.1,0.001,0.0001,500,64,0.0,10,20,5,0.0001
61,1,0.1349,0.1419,0.2023,0.1718,0.3212,0.2182,128,64,1,0.5,0.1,0.001,0.0001,500,64,0.0,10,20,5,0.0001
61,2,0.1298,0.1373,0.1928,0.1653,0.3032,0.2093,128,64,1,0.5,0.1,0.001,0.0001,500,64,0.0,10,20,5,0.0001
61,3,0.1312,0.1383,0.1968,0.1678,0.3115,0.2128,128,64,1,0.5,0.1,0.001,0.0001,500,64,0.0,10,20,5,0.0001
61,4,0.1285,0.1378,0.1911,0.166,0.3055,0.2114,128,64,1,0.5,0.1,0.001,0.0001,500,64,0.0,10,20,5,0.0001
62,0,0.1302,0.1389,0.1925,0.1671,0.3051,0.2117,128,128,5,0.5,0.1,0.001,0.0001,500,128,0.0,10,20,5,0.0001
62,1,0.1299,0.1352,0.1948,0.1643,0.3103,0.2093,128,128,5,0.5,0.1,0.001,0.0001,500,128,0.0,10,20,5,0.0001
62,2,0.1247,0.132,0.1828,0.1578,0.2912,0.2005,128,128,5,0.5,0.1,0.001,0.0001,500,128,0.0,10,20,5,0.0001
62,3,0.1276,0.1356,0.1891,0.1633,0.3028,0.208,128,128,5,0.5,0.1,0.001,0.0001,500,128,0.0,10,20,5,0.0001
62,4,0.1249,0.134,0.1821,0.1598,0.2925,0.2033,128,128,5,0.5,0.1,0.001,0.0001,500,128,0.0,10,20,5,0.0001
63,0,0.1337,0.1406,0.1989,0.1704,0.3123,0.2151,128,64,3,0.5,0.1,0.001,0.0001,1000,128,0.1,10,10,10,0.0001
63,1,0.1349,0.1395,0.2048,0.1706,0.3187,0.2153,128,64,3,0.5,0.1,0.001,0.0001,1000,128,0.1,10,10,10,0.0001
63,2,0.1325,0.1406,0.1969,0.1691,0.3108,0.2143,128,64,3,0.5,0.1,0.001,0.0001,1000,128,0.1,10,10,10,0.0001
63,3,0.1392,0.1458,0.2091,0.1772,0.3242,0.2227,128,64,3,0.5,0.1,0.001,0.0001,1000,128,0.1,10,10,10,0.0001
63,4,0.1355,0.1444,0.2011,0.1741,0.3169,0.2198,128,64,3,0.5,0.1,0.001,0.0001,1000,128,0.1,10,10,10,0.0001
64,0,0.1225,0.1316,0.1817,0.1584,0.2846,0.1989,32,32,1,0.1,0.1,0.001,0.0001,500,32,0.1,10,10,10,0.001
64,1,0.1211,0.1259,0.1803,0.1522,0.2869,0.1937,32,32,1,0.1,0.1,0.001,0.0001,500,32,0.1,10,10,10,0.001
64,2,0.1199,0.1299,0.1792,0.1563,0.2808,0.1964,32,32,1,0.1,0.1,0.001,0.0001,500,32,0.1,10,10,10,0.001
64,3,0.1193,0.1253,0.1765,0.151,0.2838,0.1932,32,32,1,0.1,0.1,0.001,0.0001,500,32,0.1,10,10,10,0.001
64,4,0.1194,0.1272,0.1746,0.152,0.2832,0.1947,32,32,1,0.1,0.1,0.001,0.0001,500,32,0.1,10,10,10,0.001
65,0,0.1228,0.1316,0.1802,0.1578,0.2885,0.2005,64,32,1,0.1,0.5,0.001,0.0001,300,128,0.1,10,50,5,0.001
65,1,0.1224,0.1274,0.18,0.1529,0.2917,0.1964,64,32,1,0.1,0.5,0.001,0.0001,300,128,0.1,10,50,5,0.001
65,2,0.1237,0.1339,0.1812,0.1593,0.2854,0.2003,64,32,1,0.1,0.5,0.001,0.0001,300,128,0.1,10,50,5,0.001
65,3,0.134,0.142,0.1947,0.1691,0.3079,0.2136,64,32,1,0.1,0.5,0.001,0.0001,300,128,0.1,10,50,5,0.001
65,4,0.1245,0.1334,0.1865,0.1614,0.2952,0.2046,64,32,1,0.1,0.5,0.001,0.0001,300,128,0.1,10,50,5,0.001
66,0,0.1017,0.1089,0.1504,0.1311,0.2357,0.1645,32,32,5,0.1,0.5,0.001,0.0001,200,128,0.0,0,10,5,0.001
66,1,0.099,0.1044,0.1454,0.1248,0.2325,0.1589,32,32,5,0.1,0.5,0.001,0.0001,200,128,0.0,0,10,5,0.001
66,2,0.1035,0.1126,0.1546,0.1348,0.24,0.1688,32,32,5,0.1,0.5,0.001,0.0001,200,128,0.0,0,10,5,0.001
66,3,0.1071,0.1109,0.1539,0.1318,0.2473,0.1685,32,32,5,0.1,0.5,0.001,0.0001,200,128,0.0,0,10,5,0.001
66,4,0.1018,0.109,0.1473,0.1295,0.2351,0.1641,32,32,5,0.1,0.5,0.001,0.0001,200,128,0.0,0,10,5,0.001
67,0,0.1269,0.1352,0.1901,0.1641,0.2975,0.2065,32,64,5,0.1,0.5,0.005,0.0001,200,64,0.0,10,10,10,0.0001
67,1,0.1206,0.1253,0.1826,0.1529,0.293,0.1957,32,64,5,0.1,0.5,0.005,0.0001,200,64,0.0,10,10,10,0.0001
67,2,0.1203,0.1279,0.1799,0.1546,0.2823,0.1952,32,64,5,0.1,0.5,0.005,0.0001,200,64,0.0,10,10,10,0.0001
67,3,0.1314,0.1366,0.1929,0.1642,0.3052,0.2085,32,64,5,0.1,0.5,0.005,0.0001,200,64,0.0,10,10,10,0.0001
67,4,0.1233,0.1302,0.1808,0.1561,0.2889,0.1988,32,64,5,0.1,0.5,0.005,0.0001,200,64,0.0,10,10,10,0.0001
68,0,0.1253,0.1344,0.1843,0.1613,0.2882,0.2023,32,32,6,0.1,0.1,0.001,0.0001,500,128,0.1,10,50,10,0.001
68,1,0.1184,0.1244,0.181,0.1526,0.2895,0.1948,32,32,6,0.1,0.1,0.001,0.0001,500,128,0.1,10,50,10,0.001
68,2,0.1183,0.1271,0.1753,0.1525,0.2791,0.1933,32,32,6,0.1,0.1,0.001,0.0001,500,128,0.1,10,50,10,0.001
68,3,0.1257,0.1337,0.1863,0.1609,0.2959,0.2039,32,32,6,0.1,0.1,0.001,0.0001,500,128,0.1,10,50,10,0.001
68,4,0.1196,0.129,0.175,0.1538,0.2818,0.1958,32,32,6,0.1,0.1,0.001,0.0001,500,128,0.1,10,50,10,0.001
69,0,0.1271,0.1356,0.189,0.1638,0.2949,0.2058,128,128,4,0.5,0.5,0.005,0.0001,400,32,0.0,0,50,5,0.001
69,1,0.1243,0.1312,0.1886,0.1598,0.3022,0.2038,128,128,4,0.5,0.5,0.005,0.0001,400,32,0.0,0,50,5,0.001
69,2,0.1235,0.1314,0.1851,0.159,0.2907,0.2003,128,128,4,0.5,0.5,0.005,0.0001,400,32,0.0,0,50,5,0.001
69,3,0.1278,0.1354,0.1901,0.1633,0.3044,0.2081,128,128,4,0.5,0.5,0.005,0.0001,400,32,0.0,0,50,5,0.001
69,4,0.1294,0.1374,0.1869,0.1633,0.2959,0.2062,128,128,4,0.5,0.5,0.005,0.0001,400,32,0.0,0,50,5,0.001
70,0,0.1045,0.112,0.1535,0.1342,0.2417,0.169,32,128,3,0.5,0.1,0.001,0.0001,1000,32,0.0,0,50,10,0.0001
70,1,0.0968,0.1023,0.1457,0.1239,0.2303,0.1571,32,128,3,0.5,0.1,0.001,0.0001,1000,32,0.0,0,50,10,0.0001
70,2,0.0995,0.1074,0.1452,0.1272,0.2335,0.1619,32,128,3,0.5,0.1,0.001,0.0001,1000,32,0.0,0,50,10,0.0001
70,3,0.1056,0.1113,0.1588,0.1351,0.2589,0.1742,32,128,3,0.5,0.1,0.001,0.0001,1000,32,0.0,0,50,10,0.0001
70,4,0.1062,0.1149,0.1561,0.1372,0.251,0.1745,32,128,3,0.5,0.1,0.001,0.0001,1000,32,0.0,0,50,10,0.0001
71,0,0.1354,0.1428,0.2027,0.1735,0.3149,0.2177,64,64,5,0.1,0.5,0.001,0.0001,600,64,0.1,10,50,10,0.0001
71,1,0.134,0.138,0.1987,0.1669,0.3147,0.2124,64,64,5,0.1,0.5,0.001,0.0001,600,64,0.1,10,50,10,0.0001
71,2,0.134,0.142,0.202,0.1724,0.3175,0.2182,64,64,5,0.1,0.5,0.001,0.0001,600,64,0.1,10,50,10,0.0001
71,3,0.1422,0.1475,0.2115,0.1787,0.3281,0.2247,64,64,5,0.1,0.5,0.001,0.0001,600,64,0.1,10,50,10,0.0001
71,4,0.1316,0.1378,0.1939,0.1661,0.3077,0.211,64,64,5,0.1,0.5,0.001,0.0001,600,64,0.1,10,50,10,0.0001
72,0,0.1279,0.1361,0.1888,0.164,0.2983,0.2072,64,32,2,0.1,0.5,0.001,0.0001,400,32,0.1,0,50,5,0.001
72,1,0.1277,0.1332,0.1904,0.1611,0.3022,0.205,64,32,2,0.1,0.5,0.001,0.0001,400,32,0.1,0,50,5,0.001
72,2,0.1289,0.1375,0.1924,0.166,0.2989,0.2082,64,32,2,0.1,0.5,0.001,0.0001,400,32,0.1,0,50,5,0.001
72,3,0.1319,0.1388,0.1935,0.1664,0.3058,0.2106,64,32,2,0.1,0.5,0.001,0.0001,400,32,0.1,0,50,5,0.001
72,4,0.1277,0.136,0.1878,0.1631,0.2985,0.2069,64,32,2,0.1,0.5,0.001,0.0001,400,32,0.1,0,50,5,0.001
73,0,0.127,0.1363,0.1889,0.1645,0.2915,0.2052,128,64,4,0.5,0.1,0.005,0.0001,700,128,0.1,0,20,5,0.001
73,1,0.1274,0.1335,0.1908,0.1616,0.3013,0.2047,128,64,4,0.5,0.1,0.005,0.0001,700,128,0.1,0,20,5,0.001
73,2,0.1259,0.1339,0.1845,0.16,0.2899,0.2018,128,64,4,0.5,0.1,0.005,0.0001,700,128,0.1,0,20,5,0.001
73,3,0.1109,0.1201,0.1697,0.1462,0.2755,0.1877,128,64,4,0.5,0.1,0.005,0.0001,700,128,0.1,0,20,5,0.001
73,4,0.1271,0.1354,0.1873,0.1625,0.2948,0.205,128,64,4,0.5,0.1,0.005,0.0001,700,128,0.1,0,20,5,0.001
74,0,0.1302,0.1385,0.1955,0.1685,0.303,0.211,64,128,4,0.1,0.1,0.001,0.0001,500,32,0.0,0,20,5,0.0001
74,1,0.1368,0.141,0.2031,0.1704,0.3183,0.2157,64,128,4,0.1,0.1,0.001,0.0001,500,32,0.0,0,20,5,0.0001
74,2,0.1252,0.1337,0.185,0.1603,0.2913,0.2024,64,128,4,0.1,0.1,0.001,0.0001,500,32,0.0,0,20,5,0.0001
74,3,0.1318,0.139,0.1942,0.1669,0.3051,0.2107,64,128,4,0.1,0.1,0.001,0.0001,500,32,0.0,0,20,5,0.0001
74,4,0.1342,0.142,0.1993,0.1717,0.3143,0.217,64,128,4,0.1,0.1,0.001,0.0001,500,32,0.0,0,20,5,0.0001
75,0,0.1088,0.1162,0.1616,0.14,0.2559,0.1774,32,32,6,0.5,0.1,0.005,0.0001,700,64,0.1,10,50,5,0.0001
75,1,0.1049,0.1093,0.1575,0.1327,0.2524,0.1698,32,32,6,0.5,0.1,0.005,0.0001,700,64,0.1,10,50,5,0.0001
75,2,0.1067,0.1149,0.1554,0.1365,0.2528,0.1746,32,32,6,0.5,0.1,0.005,0.0001,700,64,0.1,10,50,5,0.0001
75,3,0.1039,0.1093,0.1581,0.1333,0.2536,0.1709,32,32,6,0.5,0.1,0.005,0.0001,700,64,0.1,10,50,5,0.0001
75,4,0.1091,0.116,0.1596,0.1385,0.2541,0.1756,32,32,6,0.5,0.1,0.005,0.0001,700,64,0.1,10,50,5,0.0001
76,0,0.139,0.1471,0.2073,0.1782,0.3197,0.2227,128,32,6,0.1,0.1,0.001,0.0001,300,64,0.1,10,10,5,0.0001
76,1,0.1371,0.1423,0.2062,0.1733,0.3238,0.2193,128,32,6,0.1,0.1,0.001,0.0001,300,64,0.1,10,10,5,0.0001
76,2,0.1333,0.1412,0.2,0.1713,0.3156,0.2169,128,32,6,0.1,0.1,0.001,0.0001,300,64,0.1,10,10,5,0.0001
76,3,0.143,0.1493,0.2073,0.1782,0.3225,0.2235,128,32,6,0.1,0.1,0.001,0.0001,300,64,0.1,10,10,5,0.0001
76,4,0.1335,0.1419,0.2033,0.1736,0.3168,0.2183,128,32,6,0.1,0.1,0.001,0.0001,300,64,0.1,10,10,5,0.0001
77,0,0.1282,0.1373,0.1928,0.1667,0.3006,0.2095,128,128,3,0.5,0.1,0.005,0.0001,200,128,0.1,0,50,5,0.0001
77,1,0.1214,0.1268,0.1837,0.1547,0.2982,0.199,128,128,3,0.5,0.1,0.005,0.0001,200,128,0.1,0,50,5,0.0001
77,2,0.12,0.1281,0.1794,0.1547,0.2842,0.196,128,128,3,0.5,0.1,0.005,0.0001,200,128,0.1,0,50,5,0.0001
77,3,0.1257,0.1321,0.1862,0.1592,0.2991,0.2036,128,128,3,0.5,0.1,0.005,0.0001,200,128,0.1,0,50,5,0.0001
77,4,0.1258,0.1345,0.1828,0.1602,0.2909,0.2026,128,128,3,0.5,0.1,0.005,0.0001,200,128,0.1,0,50,5,0.0001
78,0,0.1006,0.1085,0.1499,0.131,0.2381,0.1657,64,128,2,0.5,0.5,0.001,0.0001,200,128,0.1,10,20,10,0.001
78,1,0.0984,0.104,0.1474,0.1254,0.2378,0.1609,64,128,2,0.5,0.5,0.001,0.0001,200,128,0.1,10,20,10,0.001
78,2,0.0967,0.105,0.1469,0.127,0.2298,0.1597,64,128,2,0.5,0.5,0.001,0.0001,200,128,0.1,10,20,10,0.001
78,3,0.1001,0.105,0.1497,0.1271,0.2397,0.1625,64,128,2,0.5,0.5,0.001,0.0001,200,128,0.1,10,20,10,0.001
78,4,0.1054,0.1119,0.1562,0.1346,0.2438,0.1692,64,128,2,0.5,0.5,0.001,0.0001,200,128,0.1,10,20,10,0.001
79,0,0.1214,0.1309,0.178,0.1566,0.2808,0.1972,128,128,3,0.5,0.1,0.001,0.0001,200,32,0.0,10,10,10,0.001
79,1,0.1135,0.1183,0.169,0.1431,0.2703,0.1827,128,128,3,0.5,0.1,0.001,0.0001,200,32,0.0,10,10,10,0.001
79,2,0.1162,0.1248,0.1708,0.1491,0.2691,0.1877,128,128,3,0.5,0.1,0.001,0.0001,200,32,0.0,10,10,10,0.001
79,3,0.1213,0.1295,0.1826,0.157,0.2859,0.1977,128,128,3,0.5,0.1,0.001,0.0001,200,32,0.0,10,10,10,0.001
79,4,0.1173,0.1264,0.1731,0.1515,0.2758,0.1923,128,128,3,0.5,0.1,0.001,0.0001,200,32,0.0,10,10,10,0.001
80,0,0.0992,0.1083,0.1471,0.1299,0.2329,0.1638,32,128,3,0.5,0.1,0.001,0.0001,400,64,0.0,10,20,5,0.001
80,1,0.0957,0.1008,0.1437,0.1219,0.2298,0.1555,32,128,3,0.5,0.1,0.001,0.0001,400,64,0.0,10,20,5,0.001
80,2,0.0918,0.1013,0.1365,0.1209,0.2177,0.1526,32,128,3,0.5,0.1,0.001,0.0001,400,64,0.0,10,20,5,0.001
80,3,0.0805,0.0874,0.1297,0.1097,0.2135,0.1427,32,128,3,0.5,0.1,0.001,0.0001,400,64,0.0,10,20,5,0.001
80,4,0.101,0.1093,0.1478,0.1302,0.2305,0.163,32,128,3,0.5,0.1,0.001,0.0001,400,64,0.0,10,20,5,0.001
81,0,0.0693,0.0751,0.1086,0.0932,0.1831,0.1225,32,32,1,0.5,0.1,0.001,0.0001,300,128,0.0,0,50,5,0.0001
81,1,0.0935,0.0982,0.1383,0.1182,0.2259,0.1522,32,32,1,0.5,0.1,0.001,0.0001,300,128,0.0,0,50,5,0.0001
81,2,0.0964,0.1047,0.1417,0.1244,0.2263,0.1574,32,32,1,0.5,0.1,0.001,0.0001,300,128,0.0,0,50,5,0.0001
81,3,0.092,0.0983,0.1397,0.1195,0.2242,0.1529,32,32,1,0.5,0.1,0.001,0.0001,300,128,0.0,0,50,5,0.0001
81,4,0.1009,0.1085,0.1455,0.1284,0.2292,0.1614,32,32,1,0.5,0.1,0.001,0.0001,300,128,0.0,0,50,5,0.0001
82,0,0.1417,0.1486,0.2146,0.1819,0.3313,0.2279,64,64,1,0.1,0.1,0.005,0.0001,1000,32,0.0,10,20,10,0.0001
82,1,0.1462,0.1521,0.2156,0.1834,0.3364,0.231,64,64,1,0.1,0.1,0.005,0.0001,1000,32,0.0,10,20,10,0.0001
82,2,0.1377,0.1459,0.2049,0.176,0.3211,0.2221,64,64,1,0.1,0.1,0.005,0.0001,1000,32,0.0,10,20,10,0.0001
82,3,0.1498,0.1558,0.2222,0.188,0.3423,0.2354,64,64,1,0.1,0.1,0.005,0.0001,1000,32,0.0,10,20,10,0.0001
82,4,0.1402,0.1457,0.2086,0.1768,0.3234,0.2222,64,64,1,0.1,0.1,0.005,0.0001,1000,32,0.0,10,20,10,0.0001
83,0,0.1369,0.1439,0.2029,0.1739,0.317,0.2189,64,128,1,0.1,0.1,0.005,0.0001,700,64,0.0,10,50,5,0.001
83,1,0.1468,0.152,0.2183,0.1842,0.3344,0.2301,64,128,1,0.1,0.1,0.005,0.0001,700,64,0.0,10,50,5,0.001
83,2,0.1436,0.1528,0.2112,0.1831,0.3333,0.2314,64,128,1,0.1,0.1,0.005,0.0001,700,64,0.0,10,50,5,0.001
83,3,0.1413,0.1454,0.2105,0.1766,0.3279,0.2227,64,128,1,0.1,0.1,0.005,0.0001,700,64,0.0,10,50,5,0.001
83,4,0.1406,0.1463,0.2096,0.1779,0.3287,0.2248,64,128,1,0.1,0.1,0.005,0.0001,700,64,0.0,10,50,5,0.001
84,0,0.1061,0.114,0.1552,0.1361,0.2515,0.1742,32,32,1,0.5,0.5,0.005,0.0001,700,128,0.1,0,50,10,0.0001
84,1,0.1015,0.1072,0.1545,0.1306,0.2514,0.1682,32,32,1,0.5,0.5,0.005,0.0001,700,128,0.1,0,50,10,0.0001
84,2,0.1073,0.1152,0.1551,0.1364,0.2495,0.1735,32,32,1,0.5,0.5,0.005,0.0001,700,128,0.1,0,50,10,0.0001
84,3,0.1037,0.1099,0.1589,0.1347,0.2604,0.1743,32,32,1,0.5,0.5,0.005,0.0001,700,128,0.1,0,50,10,0.0001
84,4,0.1104,0.1166,0.1584,0.1382,0.2537,0.1756,32,32,1,0.5,0.5,0.005,0.0001,700,128,0.1,0,50,10,0.0001
85,0,0.1118,0.1197,0.1669,0.1448,0.2639,0.1831,64,64,4,0.5,0.1,0.001,0.0001,1000,32,0.1,0,50,5,0.0001
85,1,0.1089,0.1134,0.161,0.1366,0.2641,0.1768,64,64,4,0.5,0.1,0.001,0.0001,1000,32,0.1,0,50,5,0.0001
85,2,0.113,0.121,0.1685,0.1458,0.2681,0.1846,64,64,4,0.5,0.1,0.001,0.0001,1000,32,0.1,0,50,5,0.0001
85,3,0.1118,0.1182,0.1692,0.1438,0.2704,0.1836,64,64,4,0.5,0.1,0.001,0.0001,1000,32,0.1,0,50,5,0.0001
85,4,0.1121,0.1203,0.1627,0.1429,0.2584,0.1805,64,64,4,0.5,0.1,0.001,0.0001,1000,32,0.1,0,50,5,0.0001
86,0,0.0985,0.1068,0.148,0.1292,0.2324,0.1626,32,32,4,0.5,0.5,0.005,0.0001,200,64,0.1,0,20,10,0.001
86,1,0.0957,0.1014,0.1426,0.1218,0.229,0.1557,32,32,4,0.5,0.5,0.005,0.0001,200,64,0.1,0,20,10,0.001
86,2,0.0963,0.1052,0.1427,0.1256,0.2278,0.1587,32,32,4,0.5,0.5,0.005,0.0001,200,64,0.1,0,20,10,0.001
86,3,0.0962,0.1023,0.1483,0.1254,0.2327,0.1588,32,32,4,0.5,0.5,0.005,0.0001,200,64,0.1,0,20,10,0.001
86,4,0.1006,0.1085,0.1484,0.1299,0.2309,0.1626,32,32,4,0.5,0.5,0.005,0.0001,200,64,0.1,0,20,10,0.001
87,0,0.1041,0.111,0.155,0.1341,0.2477,0.1708,32,64,1,0.5,0.5,0.005,0.0001,700,64,0.1,0,10,10,0.001
87,1,0.1051,0.1114,0.1554,0.1337,0.2545,0.1723,32,64,1,0.5,0.5,0.005,0.0001,700,64,0.1,0,10,10,0.001
87,2,0.1053,0.1145,0.1575,0.1375,0.2523,0.1747,32,64,1,0.5,0.5,0.005,0.0001,700,64,0.1,0,10,10,0.001
87,3,0.1069,0.1131,0.1601,0.137,0.2631,0.1775,32,64,1,0.5,0.5,0.005,0.0001,700,64,0.1,0,10,10,0.001
87,4,0.1087,0.1165,0.1558,0.1376,0.2497,0.1745,32,64,1,0.5,0.5,0.005,0.0001,700,64,0.1,0,10,10,0.001
88,0,0.1298,0.1385,0.1936,0.1677,0.2993,0.2094,32,64,2,0.1,0.1,0.005,0.0001,1000,128,0.0,0,20,10,0.001
88,1,0.128,0.134,0.1922,0.1625,0.3038,0.2064,32,64,2,0.1,0.1,0.005,0.0001,1000,128,0.0,0,20,10,0.001
88,2,0.1265,0.1344,0.1876,0.1616,0.2961,0.2043,32,64,2,0.1,0.1,0.005,0.0001,1000,128,0.0,0,20,10,0.001
88,3,0.1317,0.1374,0.1991,0.1678,0.3123,0.2125,32,64,2,0.1,0.1,0.005,0.0001,1000,128,0.0,0,20,10,0.001
88,4,0.1362,0.1436,0.2023,0.1738,0.3174,0.2196,32,64,2,0.1,0.1,0.005,0.0001,1000,128,0.0,0,20,10,0.001
89,0,0.1422,0.1504,0.2114,0.1821,0.3336,0.2303,128,64,4,0.1,0.5,0.005,0.0001,300,128,0.0,10,10,5,0.001
89,1,0.1434,0.1494,0.2172,0.1823,0.3289,0.2264,128,64,4,0.1,0.5,0.005,0.0001,300,128,0.0,10,10,5,0.001
89,2,0.1379,0.1449,0.2058,0.1754,0.3267,0.2233,128,64,4,0.1,0.5,0.005,0.0001,300,128,0.0,10,10,5,0.001
89,3,0.1519,0.1585,0.2262,0.1919,0.3469,0.2394,128,64,4,0.1,0.5,0.005,0.0001,300,128,0.0,10,10,5,0.001
89,4,0.1447,0.1529,0.2154,0.185,0.339,0.2337,128,64,4,0.1,0.5,0.005,0.0001,300,128,0.0,10,10,5,0.001
90,0,0.1373,0.1454,0.2055,0.1765,0.3201,0.2217,64,32,4,0.1,0.1,0.005,0.0001,500,128,0.0,10,10,5,0.001
90,1,0.1399,0.1447,0.2094,0.1758,0.3237,0.2209,64,32,4,0.1,0.1,0.005,0.0001,500,128,0.0,10,10,5,0.001
90,2,0.135,0.1438,0.2,0.1727,0.3128,0.2173,64,32,4,0.1,0.1,0.005,0.0001,500,128,0.0,10,10,5,0.001
90,3,0.1444,0.1506,0.2128,0.1814,0.3308,0.2279,64,32,4,0.1,0.1,0.005,0.0001,500,128,0.0,10,10,5,0.001
90,4,0.1398,0.1475,0.2062,0.1777,0.3271,0.2252,64,32,4,0.1,0.1,0.005,0.0001,500,128,0.0,10,10,5,0.001
91,0,0.121,0.1312,0.182,0.159,0.2863,0.2004,64,64,4,0.5,0.5,0.001,0.0001,1000,128,0.1,10,20,10,0.0001
91,1,0.1088,0.1135,0.1651,0.1384,0.2631,0.1767,64,64,4,0.5,0.5,0.001,0.0001,1000,128,0.1,10,20,10,0.0001
91,2,0.1213,0.1301,0.1798,0.1561,0.2824,0.1965,64,64,4,0.5,0.5,0.001,0.0001,1000,128,0.1,10,20,10,0.0001
91,3,0.1076,0.1153,0.1681,0.1425,0.2705,0.1826,64,64,4,0.5,0.5,0.001,0.0001,1000,128,0.1,10,20,10,0.0001
91,4,0.1253,0.1353,0.183,0.1613,0.2933,0.2047,64,64,4,0.5,0.5,0.001,0.0001,1000,128,0.1,10,20,10,0.0001
92,0,0.1372,0.1453,0.2057,0.1765,0.3217,0.2224,64,128,4,0.1,0.1,0.005,0.0001,700,32,0.0,10,10,10,0.0001
92,1,0.1422,0.1479,0.2118,0.1791,0.3309,0.2259,64,128,4,0.1,0.1,0.005,0.0001,700,32,0.0,10,10,10,0.0001
92,2,0.1391,0.1468,0.2019,0.1745,0.3208,0.2218,64,128,4,0.1,0.1,0.005,0.0001,700,32,0.0,10,10,10,0.0001
92,3,0.1478,0.1538,0.2172,0.1849,0.3401,0.2333,64,128,4,0.1,0.1,0.005,0.0001,700,32,0.0,10,10,10,0.0001
92,4,0.1402,0.1458,0.2089,0.1773,0.3314,0.2254,64,128,4,0.1,0.1,0.005,0.0001,700,32,0.0,10,10,10,0.0001
93,0,0.1264,0.1349,0.1875,0.1626,0.2957,0.2053,32,32,5,0.1,0.5,0.005,0.0001,300,64,0.0,10,10,5,0.0001
93,1,0.1248,0.1295,0.1852,0.1564,0.2985,0.2005,32,32,5,0.1,0.5,0.005,0.0001,300,64,0.0,10,10,5,0.0001
93,2,0.1214,0.1289,0.183,0.1563,0.2868,0.1971,32,32,5,0.1,0.5,0.005,0.0001,300,64,0.0,10,10,5,0.0001
93,3,0.13,0.1347,0.1915,0.1626,0.3026,0.2063,32,32,5,0.1,0.5,0.005,0.0001,300,64,0.0,10,10,5,0.0001
93,4,0.1246,0.1328,0.1838,0.1596,0.2926,0.2025,32,32,5,0.1,0.5,0.005,0.0001,300,64,0.0,10,10,5,0.0001
94,0,0.1165,0.1258,0.1724,0.1515,0.2766,0.1925,128,32,1,0.5,0.5,0.001,0.0001,200,64,0.0,0,50,5,0.001
94,1,0.1148,0.1188,0.1706,0.1435,0.2726,0.1833,128,32,1,0.5,0.5,0.001,0.0001,200,64,0.0,0,50,5,0.001
94,2,0.1169,0.1254,0.1714,0.1495,0.2738,0.1899,128,32,1,0.5,0.5,0.001,0.0001,200,64,0.0,0,50,5,0.001
94,3,0.1168,0.1245,0.1764,0.1511,0.2844,0.1937,128,32,1,0.5,0.5,0.001,0.0001,200,64,0.0,0,50,5,0.001
94,4,0.1114,0.1185,0.1628,0.1414,0.2589,0.1792,128,32,1,0.5,0.5,0.001,0.0001,200,64,0.0,0,50,5,0.001
95,0,0.1125,0.1222,0.1654,0.1461,0.264,0.1849,64,32,3,0.5,0.5,0.001,0.0001,300,32,0.0,0,50,10,0.0001
95,1,0.1034,0.1074,0.1526,0.1291,0.2457,0.1656,64,32,3,0.5,0.5,0.001,0.0001,300,32,0.0,0,50,10,0.0001
95,2,0.1066,0.115,0.1569,0.1369,0.2485,0.1731,64,32,3,0.5,0.5,0.001,0.0001,300,32,0.0,0,50,10,0.0001
95,3,0.1179,0.1237,0.1742,0.1487,0.2752,0.1886,64,32,3,0.5,0.5,0.001,0.0001,300,32,0.0,0,50,10,0.0001
95,4,0.11,0.1184,0.1598,0.1407,0.2561,0.1785,64,32,3,0.5,0.5,0.001,0.0001,300,32,0.0,0,50,10,0.0001
96,0,0.133,0.1414,0.1959,0.1697,0.3031,0.212,128,64,4,0.1,0.5,0.001,0.0001,200,64,0.1,0,10,10,0.0001
96,1,0.1263,0.1326,0.1915,0.1618,0.3012,0.2046,128,64,4,0.1,0.5,0.001,0.0001,200,64,0.1,0,10,10,0.0001
96,2,0.1291,0.1383,0.1907,0.1658,0.2999,0.2086,128,64,4,0.1,0.5,0.001,0.0001,200,64,0.1,0,10,10,0.0001
96,3,0.1349,0.1432,0.2028,0.1737,0.3144,0.2178,128,64,4,0.1,0.5,0.001,0.0001,200,64,0.1,0,10,10,0.0001
96,4,0.131,0.1408,0.1934,0.169,0.3052,0.2132,128,64,4,0.1,0.5,0.001,0.0001,200,64,0.1,0,10,10,0.0001
97,0,0.1447,0.1542,0.2138,0.1858,0.335,0.2335,128,32,1,0.1,0.1,0.005,0.0001,700,64,0.0,0,20,10,0.001
97,1,0.1523,0.1566,0.2229,0.1884,0.3448,0.2364,128,32,1,0.1,0.1,0.005,0.0001,700,64,0.0,0,20,10,0.001
97,2,0.1436,0.1523,0.2124,0.1832,0.334,0.2312,128,32,1,0.1,0.1,0.005,0.0001,700,64,0.0,0,20,10,0.001
97,3,0.1511,0.1584,0.2267,0.1925,0.3481,0.2402,128,32,1,0.1,0.1,0.005,0.0001,700,64,0.0,0,20,10,0.001
97,4,0.1424,0.1513,0.221,0.1873,0.3423,0.2352,128,32,1,0.1,0.1,0.005,0.0001,700,64,0.0,0,20,10,0.001
98,0,0.1455,0.1519,0.2139,0.1829,0.3337,0.2302,128,32,6,0.1,0.1,0.005,0.0001,700,32,0.0,0,50,10,0.001
98,1,0.1465,0.1529,0.2173,0.1845,0.3345,0.2308,128,32,6,0.1,0.1,0.005,0.0001,700,32,0.0,0,50,10,0.001
98,2,0.1362,0.1446,0.2031,0.1749,0.323,0.2224,128,32,6,0.1,0.1,0.005,0.0001,700,32,0.0,0,50,10,0.001
98,3,0.1478,0.1547,0.2226,0.1887,0.3414,0.2353,128,32,6,0.1,0.1,0.005,0.0001,700,32,0.0,0,50,10,0.001
98,4,0.1458,0.1536,0.2178,0.1863,0.3415,0.2351,128,32,6,0.1,0.1,0.005,0.0001,700,32,0.0,0,50,10,0.001
99,0,0.1438,0.1508,0.2141,0.1829,0.3351,0.2303,128,32,2,0.1,0.5,0.005,0.0001,300,128,0.1,10,10,10,0.0001
99,1,0.146,0.152,0.2168,0.184,0.3349,0.2306,128,32,2,0.1,0.5,0.005,0.0001,300,128,0.1,10,10,10,0.0001
99,2,0.1366,0.145,0.2034,0.1747,0.3233,0.2221,128,32,2,0.1,0.5,0.005,0.0001,300,128,0.1,10,10,10,0.0001
99,3,0.1514,0.1589,0.225,0.1919,0.3479,0.2403,128,32,2,0.1,0.5,0.005,0.0001,300,128,0.1,10,10,10,0.0001
99,4,0.1435,0.1515,0.2135,0.1833,0.3344,0.2311,128,32,2,0.1,0.5,0.005,0.0001,300,128,0.1,10,10,10,0.0001
