combo_id,fold,val_f1,hp_d,hp_d_prime,hp_K,hp_dropout,hp_dropout_gnn,hp_lr,hp_wd,hp_epochs,hp_hidden,hp_label_smoothing,hp_warmup
0,0,0.6218,128,128,3,0.5,0.5,0.001,0.0001,1000,64,0.0,10
0,1,0.7071,128,128,3,0.5,0.5,0.001,0.0001,1000,64,0.0,10
0,2,0.6207,128,128,3,0.5,0.5,0.001,0.0001,1000,64,0.0,10
0,3,0.7152,128,128,3,0.5,0.5,0.001,0.0001,1000,64,0.0,10
0,4,0.6069,128,128,3,0.5,0.5,0.001,0.0001,1000,64,0.0,10
1,0,0.5146,32,128,4,0.5,0.1,0.001,0.0001,1000,128,0.1,0
1,1,0.3175,32,128,4,0.5,0.1,0.001,0.0001,1000,128,0.1,0
1,2,0.5768,32,128,4,0.5,0.1,0.001,0.0001,1000,128,0.1,0
1,3,0.6839,32,128,4,0.5,0.1,0.001,0.0001,1000,128,0.1,0
1,4,0.4389,32,128,4,0.5,0.1,0.001,0.0001,1000,128,0.1,0
2,0,0.6752,128,64,3,0.5,0.1,0.001,0.0001,300,32,0.0,0
2,1,0.3974,128,64,3,0.5,0.1,0.001,0.0001,300,32,0.0,0
2,2,0.5231,128,64,3,0.5,0.1,0.001,0.0001,300,32,0.0,0
2,3,0.6479,128,64,3,0.5,0.1,0.001,0.0001,300,32,0.0,0
2,4,0.6495,128,64,3,0.5,0.1,0.001,0.0001,300,32,0.0,0
3,0,0.6984,128,32,6,0.1,0.1,0.001,0.0001,600,64,0.1,0
3,1,0.7188,128,32,6,0.1,0.1,0.001,0.0001,600,64,0.1,0
3,2,0.7132,128,32,6,0.1,0.1,0.001,0.0001,600,64,0.1,0
3,3,0.6425,128,32,6,0.1,0.1,0.001,0.0001,600,64,0.1,0
3,4,0.7252,128,32,6,0.1,0.1,0.001,0.0001,600,64,0.1,0
4,0,0.6653,64,128,6,0.5,0.1,0.001,0.0001,400,128,0.0,0
4,1,0.6398,64,128,6,0.5,0.1,0.001,0.0001,400,128,0.0,0
4,2,0.6608,64,128,6,0.5,0.1,0.001,0.0001,400,128,0.0,0
4,3,0.4374,64,128,6,0.5,0.1,0.001,0.0001,400,128,0.0,0
4,4,0.6761,64,128,6,0.5,0.1,0.001,0.0001,400,128,0.0,0
5,0,0.6381,32,128,5,0.1,0.1,0.005,0.0001,500,128,0.0,0
5,1,0.6343,32,128,5,0.1,0.1,0.005,0.0001,500,128,0.0,0
5,2,0.3813,32,128,5,0.1,0.1,0.005,0.0001,500,128,0.0,0
5,3,0.4807,32,128,5,0.1,0.1,0.005,0.0001,500,128,0.0,0
5,4,0.6442,32,128,5,0.1,0.1,0.005,0.0001,500,128,0.0,0
6,0,0.6742,64,128,5,0.1,0.5,0.005,0.0001,400,32,0.0,10
6,1,0.7368,64,128,5,0.1,0.5,0.005,0.0001,400,32,0.0,10
6,2,0.6259,64,128,5,0.1,0.5,0.005,0.0001,400,32,0.0,10
6,3,0.7057,64,128,5,0.1,0.5,0.005,0.0001,400,32,0.0,10
6,4,0.7421,64,128,5,0.1,0.5,0.005,0.0001,400,32,0.0,10
7,0,0.663,64,32,5,0.1,0.1,0.001,0.0001,500,64,0.0,0
7,1,0.6158,64,32,5,0.1,0.1,0.001,0.0001,500,64,0.0,0
7,2,0.4264,64,32,5,0.1,0.1,0.001,0.0001,500,64,0.0,0
7,3,0.6156,64,32,5,0.1,0.1,0.001,0.0001,500,64,0.0,0
7,4,0.6564,64,32,5,0.1,0.1,0.001,0.0001,500,64,0.0,0
8,0,0.5445,64,64,1,0.5,0.1,0.001,0.0001,300,32,0.1,10
8,1,0.4198,64,64,1,0.5,0.1,0.001,0.0001,300,32,0.1,10
8,2,0.465,64,64,1,0.5,0.1,0.001,0.0001,300,32,0.1,10
8,3,0.5703,64,64,1,0.5,0.1,0.001,0.0001,300,32,0.1,10
8,4,0.6329,64,64,1,0.5,0.1,0.001,0.0001,300,32,0.1,10
9,0,0.6432,64,64,3,0.5,0.1,0.001,0.0001,700,64,0.0,10
9,1,0.4131,64,64,3,0.5,0.1,0.001,0.0001,700,64,0.0,10
9,2,0.6323,64,64,3,0.5,0.1,0.001,0.0001,700,64,0.0,10
9,3,0.6303,64,64,3,0.5,0.1,0.001,0.0001,700,64,0.0,10
9,4,0.6066,64,64,3,0.5,0.1,0.001,0.0001,700,64,0.0,10
10,0,0.6315,32,128,2,0.1,0.5,0.001,0.0001,500,128,0.0,0
10,1,0.6174,32,128,2,0.1,0.5,0.001,0.0001,500,128,0.0,0
10,2,0.6386,32,128,2,0.1,0.5,0.001,0.0001,500,128,0.0,0
10,3,0.6483,32,128,2,0.1,0.5,0.001,0.0001,500,128,0.0,0
10,4,0.677,32,128,2,0.1,0.5,0.001,0.0001,500,128,0.0,0
11,0,0.6766,32,64,1,0.5,0.1,0.001,0.0001,600,64,0.1,10
11,1,0.1869,32,64,1,0.5,0.1,0.001,0.0001,600,64,0.1,10
11,2,0.4146,32,64,1,0.5,0.1,0.001,0.0001,600,64,0.1,10
11,3,0.4766,32,64,1,0.5,0.1,0.001,0.0001,600,64,0.1,10
11,4,0.5518,32,64,1,0.5,0.1,0.001,0.0001,600,64,0.1,10
12,0,0.5953,128,64,1,0.5,0.1,0.005,0.0001,300,64,0.0,10
12,1,0.6768,128,64,1,0.5,0.1,0.005,0.0001,300,64,0.0,10
12,2,0.6127,128,64,1,0.5,0.1,0.005,0.0001,300,64,0.0,10
12,3,0.6567,128,64,1,0.5,0.1,0.005,0.0001,300,64,0.0,10
12,4,0.5778,128,64,1,0.5,0.1,0.005,0.0001,300,64,0.0,10
13,0,0.5885,32,128,4,0.1,0.1,0.001,0.0001,500,32,0.1,0
13,1,0.631,32,128,4,0.1,0.1,0.001,0.0001,500,32,0.1,0
13,2,0.4015,32,128,4,0.1,0.1,0.001,0.0001,500,32,0.1,0
13,3,0.7039,32,128,4,0.1,0.1,0.001,0.0001,500,32,0.1,0
13,4,0.6487,32,128,4,0.1,0.1,0.001,0.0001,500,32,0.1,0
14,0,0.6657,128,128,5,0.5,0.5,0.005,0.0001,600,64,0.1,0
14,1,0.738,128,128,5,0.5,0.5,0.005,0.0001,600,64,0.1,0
14,2,0.715,128,128,5,0.5,0.5,0.005,0.0001,600,64,0.1,0
14,3,0.6503,128,128,5,0.5,0.5,0.005,0.0001,600,64,0.1,0
14,4,0.7294,128,128,5,0.5,0.5,0.005,0.0001,600,64,0.1,0
15,0,0.5931,32,128,6,0.5,0.5,0.005,0.0001,400,64,0.0,0
15,1,0.6219,32,128,6,0.5,0.5,0.005,0.0001,400,64,0.0,0
15,2,0.5387,32,128,6,0.5,0.5,0.005,0.0001,400,64,0.0,0
15,3,0.6115,32,128,6,0.5,0.5,0.005,0.0001,400,64,0.0,0
15,4,0.5926,32,128,6,0.5,0.5,0.005,0.0001,400,64,0.0,0
16,0,0.69,128,32,5,0.1,0.5,0.001,0.0001,400,128,0.0,10
16,1,0.6877,128,32,5,0.1,0.5,0.001,0.0001,400,128,0.0,10
16,2,0.6453,128,32,5,0.1,0.5,0.001,0.0001,400,128,0.0,10
16,3,0.7128,128,32,5,0.1,0.5,0.001,0.0001,400,128,0.0,10
16,4,0.666,128,32,5,0.1,0.5,0.001,0.0001,400,128,0.0,10
17,0,0.4079,32,64,4,0.1,0.5,0.001,0.0001,1000,32,0.0,0
17,1,0.6617,32,64,4,0.1,0.5,0.001,0.0001,1000,32,0.0,0
17,2,0.6134,32,64,4,0.1,0.5,0.001,0.0001,1000,32,0.0,0
17,3,0.5365,32,64,4,0.1,0.5,0.001,0.0001,1000,32,0.0,0
17,4,0.6507,32,64,4,0.1,0.5,0.001,0.0001,1000,32,0.0,0
18,0,0.4802,32,128,4,0.5,0.5,0.001,0.0001,500,128,0.0,0
18,1,0.3978,32,128,4,0.5,0.5,0.001,0.0001,500,128,0.0,0
18,2,0.6268,32,128,4,0.5,0.5,0.001,0.0001,500,128,0.0,0
18,3,0.5088,32,128,4,0.5,0.5,0.001,0.0001,500,128,0.0,0
18,4,0.5402,32,128,4,0.5,0.5,0.001,0.0001,500,128,0.0,0
19,0,0.6865,128,32,5,0.5,0.1,0.001,0.0001,300,128,0.1,10
19,1,0.6234,128,32,5,0.5,0.1,0.001,0.0001,300,128,0.1,10
19,2,0.5934,128,32,5,0.5,0.1,0.001,0.0001,300,128,0.1,10
19,3,0.6391,128,32,5,0.5,0.1,0.001,0.0001,300,128,0.1,10
19,4,0.6363,128,32,5,0.5,0.1,0.001,0.0001,300,128,0.1,10
20,0,0.495,64,64,3,0.5,0.1,0.005,0.0001,700,128,0.1,0
20,1,0.6394,64,64,3,0.5,0.1,0.005,0.0001,700,128,0.1,0
20,2,0.6101,64,64,3,0.5,0.1,0.005,0.0001,700,128,0.1,0
20,3,0.5483,64,64,3,0.5,0.1,0.005,0.0001,700,128,0.1,0
20,4,0.5379,64,64,3,0.5,0.1,0.005,0.0001,700,128,0.1,0
21,0,0.6837,128,32,5,0.5,0.1,0.005,0.0001,200,128,0.0,10
21,1,0.6892,128,32,5,0.5,0.1,0.005,0.0001,200,128,0.0,10
21,2,0.6251,128,32,5,0.5,0.1,0.005,0.0001,200,128,0.0,10
21,3,0.6533,128,32,5,0.5,0.1,0.005,0.0001,200,128,0.0,10
21,4,0.6114,128,32,5,0.5,0.1,0.005,0.0001,200,128,0.0,10
22,0,0.2949,32,32,1,0.1,0.1,0.001,0.0001,300,64,0.0,0
22,1,0.4438,32,32,1,0.1,0.1,0.001,0.0001,300,64,0.0,0
22,2,0.5761,32,32,1,0.1,0.1,0.001,0.0001,300,64,0.0,0
22,3,0.3702,32,32,1,0.1,0.1,0.001,0.0001,300,64,0.0,0
22,4,0.6511,32,32,1,0.1,0.1,0.001,0.0001,300,64,0.0,0
23,0,0.6467,64,64,1,0.1,0.5,0.005,0.0001,300,128,0.0,10
23,1,0.6778,64,64,1,0.1,0.5,0.005,0.0001,300,128,0.0,10
23,2,0.6594,64,64,1,0.1,0.5,0.005,0.0001,300,128,0.0,10
23,3,0.6889,64,64,1,0.1,0.5,0.005,0.0001,300,128,0.0,10
23,4,0.6016,64,64,1,0.1,0.5,0.005,0.0001,300,128,0.0,10
24,0,0.3249,32,32,1,0.5,0.1,0.001,0.0001,300,32,0.1,10
24,1,0.6059,32,32,1,0.5,0.1,0.001,0.0001,300,32,0.1,10
24,2,0.6227,32,32,1,0.5,0.1,0.001,0.0001,300,32,0.1,10
24,3,0.5901,32,32,1,0.5,0.1,0.001,0.0001,300,32,0.1,10
24,4,0.2158,32,32,1,0.5,0.1,0.001,0.0001,300,32,0.1,10
25,0,0.4845,64,64,3,0.1,0.1,0.001,0.0001,500,64,0.1,10
25,1,0.6268,64,64,3,0.1,0.1,0.001,0.0001,500,64,0.1,10
25,2,0.6661,64,64,3,0.1,0.1,0.001,0.0001,500,64,0.1,10
25,3,0.4645,64,64,3,0.1,0.1,0.001,0.0001,500,64,0.1,10
25,4,0.6214,64,64,3,0.1,0.1,0.001,0.0001,500,64,0.1,10
26,0,0.7043,64,32,6,0.1,0.1,0.005,0.0001,600,64,0.0,10
26,1,0.7101,64,32,6,0.1,0.1,0.005,0.0001,600,64,0.0,10
26,2,0.7055,64,32,6,0.1,0.1,0.005,0.0001,600,64,0.0,10
26,3,0.739,64,32,6,0.1,0.1,0.005,0.0001,600,64,0.0,10
26,4,0.7115,64,32,6,0.1,0.1,0.005,0.0001,600,64,0.0,10
27,0,0.1481,32,32,2,0.1,0.5,0.001,0.0001,700,64,0.1,10
27,1,0.5117,32,32,2,0.1,0.5,0.001,0.0001,700,64,0.1,10
27,2,0.1542,32,32,2,0.1,0.5,0.001,0.0001,700,64,0.1,10
27,3,0.6858,32,32,2,0.1,0.5,0.001,0.0001,700,64,0.1,10
27,4,0.5393,32,32,2,0.1,0.5,0.001,0.0001,700,64,0.1,10
28,0,0.6583,64,128,3,0.5,0.1,0.005,0.0001,300,32,0.0,10
28,1,0.5052,64,128,3,0.5,0.1,0.005,0.0001,300,32,0.0,10
28,2,0.6039,64,128,3,0.5,0.1,0.005,0.0001,300,32,0.0,10
28,3,0.6355,64,128,3,0.5,0.1,0.005,0.0001,300,32,0.0,10
28,4,0.5497,64,128,3,0.5,0.1,0.005,0.0001,300,32,0.0,10
29,0,0.683,32,64,4,0.1,0.1,0.001,0.0001,700,64,0.0,10
29,1,0.6617,32,64,4,0.1,0.1,0.001,0.0001,700,64,0.0,10
29,2,0.4138,32,64,4,0.1,0.1,0.001,0.0001,700,64,0.0,10
29,3,0.6817,32,64,4,0.1,0.1,0.001,0.0001,700,64,0.0,10
29,4,0.6426,32,64,4,0.1,0.1,0.001,0.0001,700,64,0.0,10
30,0,0.5692,32,32,3,0.1,0.1,0.001,0.0001,600,128,0.1,0
30,1,0.6438,32,32,3,0.1,0.1,0.001,0.0001,600,128,0.1,0
30,2,0.6649,32,32,3,0.1,0.1,0.001,0.0001,600,128,0.1,0
30,3,0.6752,32,32,3,0.1,0.1,0.001,0.0001,600,128,0.1,0
30,4,0.6197,32,32,3,0.1,0.1,0.001,0.0001,600,128,0.1,0
31,0,0.7203,128,128,6,0.1,0.5,0.005,0.0001,1000,128,0.1,0
31,1,0.7339,128,128,6,0.1,0.5,0.005,0.0001,1000,128,0.1,0
31,2,0.7711,128,128,6,0.1,0.5,0.005,0.0001,1000,128,0.1,0
31,3,0.6915,128,128,6,0.1,0.5,0.005,0.0001,1000,128,0.1,0
31,4,0.7129,128,128,6,0.1,0.5,0.005,0.0001,1000,128,0.1,0
32,0,0.6785,64,32,3,0.1,0.5,0.001,0.0001,200,64,0.1,10
32,1,0.6712,64,32,3,0.1,0.5,0.001,0.0001,200,64,0.1,10
32,2,0.54,64,32,3,0.1,0.5,0.001,0.0001,200,64,0.1,10
32,3,0.7174,64,32,3,0.1,0.5,0.001,0.0001,200,64,0.1,10
32,4,0.6358,64,32,3,0.1,0.5,0.001,0.0001,200,64,0.1,10
33,0,0.6317,64,32,2,0.1,0.1,0.005,0.0001,600,64,0.1,10
33,1,0.6026,64,32,2,0.1,0.1,0.005,0.0001,600,64,0.1,10
33,2,0.4854,64,32,2,0.1,0.1,0.005,0.0001,600,64,0.1,10
33,3,0.6668,64,32,2,0.1,0.1,0.005,0.0001,600,64,0.1,10
33,4,0.588,64,32,2,0.1,0.1,0.005,0.0001,600,64,0.1,10
34,0,0.4822,32,64,6,0.5,0.5,0.005,0.0001,1000,64,0.1,0
34,1,0.3679,32,64,6,0.5,0.5,0.005,0.0001,1000,64,0.1,0
34,2,0.1436,32,64,6,0.5,0.5,0.005,0.0001,1000,64,0.1,0
34,3,0.4961,32,64,6,0.5,0.5,0.005,0.0001,1000,64,0.1,0
34,4,0.4786,32,64,6,0.5,0.5,0.005,0.0001,1000,64,0.1,0
35,0,0.7344,64,64,4,0.1,0.1,0.005,0.0001,1000,128,0.0,10
35,1,0.7392,64,64,4,0.1,0.1,0.005,0.0001,1000,128,0.0,10
35,2,0.6749,64,64,4,0.1,0.1,0.005,0.0001,1000,128,0.0,10
35,3,0.4644,64,64,4,0.1,0.1,0.005,0.0001,1000,128,0.0,10
35,4,0.7113,64,64,4,0.1,0.1,0.005,0.0001,1000,128,0.0,10
36,0,0.338,64,64,3,0.5,0.5,0.005,0.0001,700,32,0.0,10
36,1,0.6718,64,64,3,0.5,0.5,0.005,0.0001,700,32,0.0,10
36,2,0.645,64,64,3,0.5,0.5,0.005,0.0001,700,32,0.0,10
36,3,0.5044,64,64,3,0.5,0.5,0.005,0.0001,700,32,0.0,10
36,4,0.497,64,64,3,0.5,0.5,0.005,0.0001,700,32,0.0,10
37,0,0.7052,128,64,5,0.1,0.1,0.005,0.0001,200,64,0.1,0
37,1,0.7183,128,64,5,0.1,0.1,0.005,0.0001,200,64,0.1,0
37,2,0.7617,128,64,5,0.1,0.1,0.005,0.0001,200,64,0.1,0
37,3,0.7403,128,64,5,0.1,0.1,0.005,0.0001,200,64,0.1,0
37,4,0.75,128,64,5,0.1,0.1,0.005,0.0001,200,64,0.1,0
38,0,0.5792,64,32,5,0.5,0.1,0.005,0.0001,500,64,0.0,10
38,1,0.4623,64,32,5,0.5,0.1,0.005,0.0001,500,64,0.0,10
38,2,0.3253,64,32,5,0.5,0.1,0.005,0.0001,500,64,0.0,10
38,3,0.6164,64,32,5,0.5,0.1,0.005,0.0001,500,64,0.0,10
38,4,0.7187,64,32,5,0.5,0.1,0.005,0.0001,500,64,0.0,10
39,0,0.6598,128,64,1,0.1,0.1,0.001,0.0001,300,64,0.0,0
39,1,0.6497,128,64,1,0.1,0.1,0.001,0.0001,300,64,0.0,0
39,2,0.6429,128,64,1,0.1,0.1,0.001,0.0001,300,64,0.0,0
39,3,0.6308,128,64,1,0.1,0.1,0.001,0.0001,300,64,0.0,0
39,4,0.6808,128,64,1,0.1,0.1,0.001,0.0001,300,64,0.0,0
40,0,0.6595,128,128,5,0.5,0.5,0.001,0.0001,200,128,0.0,10
40,1,0.7027,128,128,5,0.5,0.5,0.001,0.0001,200,128,0.0,10
40,2,0.5187,128,128,5,0.5,0.5,0.001,0.0001,200,128,0.0,10
40,3,0.6328,128,128,5,0.5,0.5,0.001,0.0001,200,128,0.0,10
40,4,0.6383,128,128,5,0.5,0.5,0.001,0.0001,200,128,0.0,10
41,0,0.6481,128,128,5,0.5,0.1,0.001,0.0001,700,64,0.1,10
41,1,0.6433,128,128,5,0.5,0.1,0.001,0.0001,700,64,0.1,10
41,2,0.5943,128,128,5,0.5,0.1,0.001,0.0001,700,64,0.1,10
41,3,0.6403,128,128,5,0.5,0.1,0.001,0.0001,700,64,0.1,10
41,4,0.6642,128,128,5,0.5,0.1,0.001,0.0001,700,64,0.1,10
42,0,0.6664,64,128,3,0.1,0.1,0.001,0.0001,600,128,0.0,10
42,1,0.6758,64,128,3,0.1,0.1,0.001,0.0001,600,128,0.0,10
42,2,0.6674,64,128,3,0.1,0.1,0.001,0.0001,600,128,0.0,10
42,3,0.6742,64,128,3,0.1,0.1,0.001,0.0001,600,128,0.0,10
42,4,0.5966,64,128,3,0.1,0.1,0.001,0.0001,600,128,0.0,10
43,0,0.5964,32,64,4,0.5,0.5,0.001,0.0001,500,32,0.1,0
43,1,0.5272,32,64,4,0.5,0.5,0.001,0.0001,500,32,0.1,0
43,2,0.3697,32,64,4,0.5,0.5,0.001,0.0001,500,32,0.1,0
43,3,0.5287,32,64,4,0.5,0.5,0.001,0.0001,500,32,0.1,0
43,4,0.1434,32,64,4,0.5,0.5,0.001,0.0001,500,32,0.1,0
44,0,0.6922,128,128,3,0.1,0.5,0.005,0.0001,700,128,0.0,10
44,1,0.6028,128,128,3,0.1,0.5,0.005,0.0001,700,128,0.0,10
44,2,0.752,128,128,3,0.1,0.5,0.005,0.0001,700,128,0.0,10
44,3,0.7165,128,128,3,0.1,0.5,0.005,0.0001,700,128,0.0,10
44,4,0.7459,128,128,3,0.1,0.5,0.005,0.0001,700,128,0.0,10
45,0,0.6865,32,64,2,0.1,0.1,0.005,0.0001,300,128,0.0,0
45,1,0.6972,32,64,2,0.1,0.1,0.005,0.0001,300,128,0.0,0
45,2,0.5944,32,64,2,0.1,0.1,0.005,0.0001,300,128,0.0,0
45,3,0.6152,32,64,2,0.1,0.1,0.005,0.0001,300,128,0.0,0
45,4,0.7044,32,64,2,0.1,0.1,0.005,0.0001,300,128,0.0,0
46,0,0.5706,128,32,5,0.1,0.5,0.001,0.0001,300,128,0.0,10
46,1,0.71,128,32,5,0.1,0.5,0.001,0.0001,300,128,0.0,10
46,2,0.6164,128,32,5,0.1,0.5,0.001,0.0001,300,128,0.0,10
46,3,0.7348,128,32,5,0.1,0.5,0.001,0.0001,300,128,0.0,10
46,4,0.685,128,32,5,0.1,0.5,0.001,0.0001,300,128,0.0,10
47,0,0.5424,64,32,4,0.5,0.5,0.001,0.0001,400,64,0.0,10
47,1,0.55,64,32,4,0.5,0.5,0.001,0.0001,400,64,0.0,10
47,2,0.4503,64,32,4,0.5,0.5,0.001,0.0001,400,64,0.0,10
47,3,0.6084,64,32,4,0.5,0.5,0.001,0.0001,400,64,0.0,10
47,4,0.693,64,32,4,0.5,0.5,0.001,0.0001,400,64,0.0,10
48,0,0.6688,64,64,1,0.1,0.5,0.005,0.0001,200,64,0.1,10
48,1,0.5815,64,64,1,0.1,0.5,0.005,0.0001,200,64,0.1,10
48,2,0.6805,64,64,1,0.1,0.5,0.005,0.0001,200,64,0.1,10
48,3,0.6668,64,64,1,0.1,0.5,0.005,0.0001,200,64,0.1,10
48,4,0.4323,64,64,1,0.1,0.5,0.005,0.0001,200,64,0.1,10
49,0,0.6219,64,128,2,0.1,0.5,0.005,0.0001,600,64,0.1,0
49,1,0.6623,64,128,2,0.1,0.5,0.005,0.0001,600,64,0.1,0
49,2,0.6293,64,128,2,0.1,0.5,0.005,0.0001,600,64,0.1,0
49,3,0.6452,64,128,2,0.1,0.5,0.005,0.0001,600,64,0.1,0
49,4,0.7254,64,128,2,0.1,0.5,0.005,0.0001,600,64,0.1,0
50,0,0.7096,128,128,6,0.1,0.1,0.001,0.0001,300,64,0.1,0
50,1,0.6271,128,128,6,0.1,0.1,0.001,0.0001,300,64,0.1,0
50,2,0.6927,128,128,6,0.1,0.1,0.001,0.0001,300,64,0.1,0
50,3,0.6282,128,128,6,0.1,0.1,0.001,0.0001,300,64,0.1,0
50,4,0.5475,128,128,6,0.1,0.1,0.001,0.0001,300,64,0.1,0
51,0,0.6234,64,64,4,0.5,0.1,0.005,0.0001,500,128,0.1,10
51,1,0.317,64,64,4,0.5,0.1,0.005,0.0001,500,128,0.1,10
51,2,0.5656,64,64,4,0.5,0.1,0.005,0.0001,500,128,0.1,10
51,3,0.143,64,64,4,0.5,0.1,0.005,0.0001,500,128,0.1,10
51,4,0.6286,64,64,4,0.5,0.1,0.005,0.0001,500,128,0.1,10
52,0,0.7065,128,64,1,0.1,0.5,0.001,0.0001,300,64,0.1,10
52,1,0.625,128,64,1,0.1,0.5,0.001,0.0001,300,64,0.1,10
52,2,0.6811,128,64,1,0.1,0.5,0.001,0.0001,300,64,0.1,10
52,3,0.6816,128,64,1,0.1,0.5,0.001,0.0001,300,64,0.1,10
52,4,0.6695,128,64,1,0.1,0.5,0.001,0.0001,300,64,0.1,10
53,0,0.6945,128,128,4,0.1,0.5,0.001,0.0001,500,128,0.0,10
53,1,0.6532,128,128,4,0.1,0.5,0.001,0.0001,500,128,0.0,10
53,2,0.6984,128,128,4,0.1,0.5,0.001,0.0001,500,128,0.0,10
53,3,0.7039,128,128,4,0.1,0.5,0.001,0.0001,500,128,0.0,10
53,4,0.6747,128,128,4,0.1,0.5,0.001,0.0001,500,128,0.0,10
54,0,0.6734,64,128,5,0.1,0.1,0.001,0.0001,400,32,0.1,0
54,1,0.5673,64,128,5,0.1,0.1,0.001,0.0001,400,32,0.1,0
54,2,0.6687,64,128,5,0.1,0.1,0.001,0.0001,400,32,0.1,0
54,3,0.7047,64,128,5,0.1,0.1,0.001,0.0001,400,32,0.1,0
54,4,0.4434,64,128,5,0.1,0.1,0.001,0.0001,400,32,0.1,0
55,0,0.5708,64,128,6,0.5,0.5,0.001,0.0001,400,32,0.0,0
55,1,0.4928,64,128,6,0.5,0.5,0.001,0.0001,400,32,0.0,0
55,2,0.6753,64,128,6,0.5,0.5,0.001,0.0001,400,32,0.0,0
55,3,0.5751,64,128,6,0.5,0.5,0.001,0.0001,400,32,0.0,0
55,4,0.5175,64,128,6,0.5,0.5,0.001,0.0001,400,32,0.0,0
56,0,0.6864,128,32,2,0.1,0.5,0.001,0.0001,400,64,0.1,0
56,1,0.6604,128,32,2,0.1,0.5,0.001,0.0001,400,64,0.1,0
56,2,0.6552,128,32,2,0.1,0.5,0.001,0.0001,400,64,0.1,0
56,3,0.7168,128,32,2,0.1,0.5,0.001,0.0001,400,64,0.1,0
56,4,0.53,128,32,2,0.1,0.5,0.001,0.0001,400,64,0.1,0
57,0,0.652,32,128,5,0.1,0.1,0.001,0.0001,600,128,0.1,10
57,1,0.6889,32,128,5,0.1,0.1,0.001,0.0001,600,128,0.1,10
57,2,0.5637,32,128,5,0.1,0.1,0.001,0.0001,600,128,0.1,10
57,3,0.4803,32,128,5,0.1,0.1,0.001,0.0001,600,128,0.1,10
57,4,0.1451,32,128,5,0.1,0.1,0.001,0.0001,600,128,0.1,10
58,0,0.4396,32,128,3,0.5,0.5,0.001,0.0001,1000,32,0.1,0
58,1,0.6075,32,128,3,0.5,0.5,0.001,0.0001,1000,32,0.1,0
58,2,0.5039,32,128,3,0.5,0.5,0.001,0.0001,1000,32,0.1,0
58,3,0.5801,32,128,3,0.5,0.5,0.001,0.0001,1000,32,0.1,0
58,4,0.6739,32,128,3,0.5,0.5,0.001,0.0001,1000,32,0.1,0
59,0,0.7302,128,128,4,0.1,0.5,0.005,0.0001,300,32,0.1,10
59,1,0.7395,128,128,4,0.1,0.5,0.005,0.0001,300,32,0.1,10
59,2,0.7196,128,128,4,0.1,0.5,0.005,0.0001,300,32,0.1,10
59,3,0.7277,128,128,4,0.1,0.5,0.005,0.0001,300,32,0.1,10
59,4,0.7463,128,128,4,0.1,0.5,0.005,0.0001,300,32,0.1,10
60,0,0.5297,32,64,2,0.5,0.1,0.001,0.0001,700,128,0.1,0
60,1,0.5031,32,64,2,0.5,0.1,0.001,0.0001,700,128,0.1,0
60,2,0.1555,32,64,2,0.5,0.1,0.001,0.0001,700,128,0.1,0
60,3,0.4019,32,64,2,0.5,0.1,0.001,0.0001,700,128,0.1,0
60,4,0.2535,32,64,2,0.5,0.1,0.001,0.0001,700,128,0.1,0
61,0,0.7423,128,64,5,0.1,0.1,0.001,0.0001,700,64,0.1,0
61,1,0.5027,128,64,5,0.1,0.1,0.001,0.0001,700,64,0.1,0
61,2,0.6831,128,64,5,0.1,0.1,0.001,0.0001,700,64,0.1,0
61,3,0.6978,128,64,5,0.1,0.1,0.001,0.0001,700,64,0.1,0
61,4,0.6747,128,64,5,0.1,0.1,0.001,0.0001,700,64,0.1,0
62,0,0.5738,64,32,4,0.5,0.5,0.001,0.0001,200,128,0.0,10
62,1,0.6459,64,32,4,0.5,0.5,0.001,0.0001,200,128,0.0,10
62,2,0.3743,64,32,4,0.5,0.5,0.001,0.0001,200,128,0.0,10
62,3,0.6254,64,32,4,0.5,0.5,0.001,0.0001,200,128,0.0,10
62,4,0.3771,64,32,4,0.5,0.5,0.001,0.0001,200,128,0.0,10
63,0,0.4615,64,64,5,0.1,0.1,0.005,0.0001,200,128,0.0,10
63,1,0.414,64,64,5,0.1,0.1,0.005,0.0001,200,128,0.0,10
63,2,0.7192,64,64,5,0.1,0.1,0.005,0.0001,200,128,0.0,10
63,3,0.6904,64,64,5,0.1,0.1,0.005,0.0001,200,128,0.0,10
63,4,0.6712,64,64,5,0.1,0.1,0.005,0.0001,200,128,0.0,10
64,0,0.6637,32,64,5,0.1,0.1,0.001,0.0001,1000,32,0.0,10
64,1,0.6056,32,64,5,0.1,0.1,0.001,0.0001,1000,32,0.0,10
64,2,0.2597,32,64,5,0.1,0.1,0.001,0.0001,1000,32,0.0,10
64,3,0.1478,32,64,5,0.1,0.1,0.001,0.0001,1000,32,0.0,10
64,4,0.4012,32,64,5,0.1,0.1,0.001,0.0001,1000,32,0.0,10
65,0,0.6301,32,64,4,0.5,0.5,0.005,0.0001,300,128,0.0,10
65,1,0.5172,32,64,4,0.5,0.5,0.005,0.0001,300,128,0.0,10
65,2,0.4718,32,64,4,0.5,0.5,0.005,0.0001,300,128,0.0,10
65,3,0.4906,32,64,4,0.5,0.5,0.005,0.0001,300,128,0.0,10
65,4,0.5884,32,64,4,0.5,0.5,0.005,0.0001,300,128,0.0,10
66,0,0.7007,128,128,6,0.1,0.5,0.005,0.0001,400,128,0.1,0
66,1,0.7113,128,128,6,0.1,0.5,0.005,0.0001,400,128,0.1,0
66,2,0.7459,128,128,6,0.1,0.5,0.005,0.0001,400,128,0.1,0
66,3,0.6719,128,128,6,0.1,0.5,0.005,0.0001,400,128,0.1,0
66,4,0.7549,128,128,6,0.1,0.5,0.005,0.0001,400,128,0.1,0
67,0,0.5961,64,32,4,0.5,0.5,0.001,0.0001,1000,128,0.0,10
67,1,0.6419,64,32,4,0.5,0.5,0.001,0.0001,1000,128,0.0,10
67,2,0.4885,64,32,4,0.5,0.5,0.001,0.0001,1000,128,0.0,10
67,3,0.2231,64,32,4,0.5,0.5,0.001,0.0001,1000,128,0.0,10
67,4,0.1446,64,32,4,0.5,0.5,0.001,0.0001,1000,128,0.0,10
68,0,0.4054,64,64,5,0.1,0.5,0.001,0.0001,1000,64,0.1,0
68,1,0.4913,64,64,5,0.1,0.5,0.001,0.0001,1000,64,0.1,0
68,2,0.6751,64,64,5,0.1,0.5,0.001,0.0001,1000,64,0.1,0
68,3,0.6911,64,64,5,0.1,0.5,0.001,0.0001,1000,64,0.1,0
68,4,0.3408,64,64,5,0.1,0.5,0.001,0.0001,1000,64,0.1,0
69,0,0.7272,128,32,4,0.5,0.1,0.005,0.0001,1000,128,0.1,10
69,1,0.5855,128,32,4,0.5,0.1,0.005,0.0001,1000,128,0.1,10
69,2,0.7402,128,32,4,0.5,0.1,0.005,0.0001,1000,128,0.1,10
69,3,0.7513,128,32,4,0.5,0.1,0.005,0.0001,1000,128,0.1,10
69,4,0.6495,128,32,4,0.5,0.1,0.005,0.0001,1000,128,0.1,10
70,0,0.6029,64,128,4,0.1,0.1,0.005,0.0001,700,128,0.1,0
70,1,0.6829,64,128,4,0.1,0.1,0.005,0.0001,700,128,0.1,0
70,2,0.7154,64,128,4,0.1,0.1,0.005,0.0001,700,128,0.1,0
70,3,0.5669,64,128,4,0.1,0.1,0.005,0.0001,700,128,0.1,0
70,4,0.7146,64,128,4,0.1,0.1,0.005,0.0001,700,128,0.1,0
71,0,0.4783,64,128,3,0.1,0.5,0.005,0.0001,500,128,0.1,0
71,1,0.727,64,128,3,0.1,0.5,0.005,0.0001,500,128,0.1,0
71,2,0.4729,64,128,3,0.1,0.5,0.005,0.0001,500,128,0.1,0
71,3,0.6806,64,128,3,0.1,0.5,0.005,0.0001,500,128,0.1,0
71,4,0.6566,64,128,3,0.1,0.5,0.005,0.0001,500,128,0.1,0
72,0,0.6265,64,64,5,0.1,0.5,0.005,0.0001,400,32,0.1,10
72,1,0.7129,64,64,5,0.1,0.5,0.005,0.0001,400,32,0.1,10
72,2,0.6445,64,64,5,0.1,0.5,0.005,0.0001,400,32,0.1,10
72,3,0.7344,64,64,5,0.1,0.5,0.005,0.0001,400,32,0.1,10
72,4,0.6598,64,64,5,0.1,0.5,0.005,0.0001,400,32,0.1,10
73,0,0.7327,128,32,5,0.1,0.5,0.005,0.0001,200,32,0.0,10
73,1,0.7046,128,32,5,0.1,0.5,0.005,0.0001,200,32,0.0,10
73,2,0.7596,128,32,5,0.1,0.5,0.005,0.0001,200,32,0.0,10
73,3,0.7446,128,32,5,0.1,0.5,0.005,0.0001,200,32,0.0,10
73,4,0.713,128,32,5,0.1,0.5,0.005,0.0001,200,32,0.0,10
74,0,0.6811,128,128,1,0.1,0.1,0.005,0.0001,600,64,0.0,10
74,1,0.6377,128,128,1,0.1,0.1,0.005,0.0001,600,64,0.0,10
74,2,0.6842,128,128,1,0.1,0.1,0.005,0.0001,600,64,0.0,10
74,3,0.6294,128,128,1,0.1,0.1,0.005,0.0001,600,64,0.0,10
74,4,0.6099,128,128,1,0.1,0.1,0.005,0.0001,600,64,0.0,10
75,0,0.7175,128,64,2,0.5,0.1,0.005,0.0001,300,32,0.1,10
75,1,0.7082,128,64,2,0.5,0.1,0.005,0.0001,300,32,0.1,10
75,2,0.6832,128,64,2,0.5,0.1,0.005,0.0001,300,32,0.1,10
75,3,0.6588,128,64,2,0.5,0.1,0.005,0.0001,300,32,0.1,10
75,4,0.6398,128,64,2,0.5,0.1,0.005,0.0001,300,32,0.1,10
76,0,0.6537,128,32,5,0.5,0.1,0.001,0.0001,500,64,0.1,0
76,1,0.6843,128,32,5,0.5,0.1,0.001,0.0001,500,64,0.1,0
76,2,0.6535,128,32,5,0.5,0.1,0.001,0.0001,500,64,0.1,0
76,3,0.6194,128,32,5,0.5,0.1,0.001,0.0001,500,64,0.1,0
76,4,0.6322,128,32,5,0.5,0.1,0.001,0.0001,500,64,0.1,0
77,0,0.7293,128,64,3,0.5,0.1,0.005,0.0001,1000,64,0.0,10
77,1,0.6743,128,64,3,0.5,0.1,0.005,0.0001,1000,64,0.0,10
77,2,0.6058,128,64,3,0.5,0.1,0.005,0.0001,1000,64,0.0,10
77,3,0.708,128,64,3,0.5,0.1,0.005,0.0001,1000,64,0.0,10
77,4,0.609,128,64,3,0.5,0.1,0.005,0.0001,1000,64,0.0,10
78,0,0.269,32,32,1,0.5,0.1,0.001,0.0001,400,64,0.1,0
78,1,0.1631,32,32,1,0.5,0.1,0.001,0.0001,400,64,0.1,0
78,2,0.417,32,32,1,0.5,0.1,0.001,0.0001,400,64,0.1,0
78,3,0.3731,32,32,1,0.5,0.1,0.001,0.0001,400,64,0.1,0
78,4,0.4975,32,32,1,0.5,0.1,0.001,0.0001,400,64,0.1,0
79,0,0.6542,32,32,5,0.1,0.5,0.001,0.0001,300,64,0.1,0
79,1,0.6728,32,32,5,0.1,0.5,0.001,0.0001,300,64,0.1,0
79,2,0.5514,32,32,5,0.1,0.5,0.001,0.0001,300,64,0.1,0
79,3,0.5441,32,32,5,0.1,0.5,0.001,0.0001,300,64,0.1,0
79,4,0.6717,32,32,5,0.1,0.5,0.001,0.0001,300,64,0.1,0
80,0,0.5227,32,128,1,0.1,0.1,0.005,0.0001,1000,64,0.1,0
80,1,0.6069,32,128,1,0.1,0.1,0.005,0.0001,1000,64,0.1,0
80,2,0.5282,32,128,1,0.1,0.1,0.005,0.0001,1000,64,0.1,0
80,3,0.583,32,128,1,0.1,0.1,0.005,0.0001,1000,64,0.1,0
80,4,0.3662,32,128,1,0.1,0.1,0.005,0.0001,1000,64,0.1,0
81,0,0.607,32,32,3,0.5,0.5,0.005,0.0001,200,128,0.0,10
81,1,0.5434,32,32,3,0.5,0.5,0.005,0.0001,200,128,0.0,10
81,2,0.1535,32,32,3,0.5,0.5,0.005,0.0001,200,128,0.0,10
81,3,0.4617,32,32,3,0.5,0.5,0.005,0.0001,200,128,0.0,10
81,4,0.4601,32,32,3,0.5,0.5,0.005,0.0001,200,128,0.0,10
82,0,0.7623,128,32,3,0.1,0.5,0.005,0.0001,400,32,0.1,10
82,1,0.7126,128,32,3,0.1,0.5,0.005,0.0001,400,32,0.1,10
82,2,0.7457,128,32,3,0.1,0.5,0.005,0.0001,400,32,0.1,10
82,3,0.7523,128,32,3,0.1,0.5,0.005,0.0001,400,32,0.1,10
82,4,0.6532,128,32,3,0.1,0.5,0.005,0.0001,400,32,0.1,10
83,0,0.6483,64,64,3,0.1,0.5,0.001,0.0001,200,128,0.0,0
83,1,0.5995,64,64,3,0.1,0.5,0.001,0.0001,200,128,0.0,0
83,2,0.1799,64,64,3,0.1,0.5,0.001,0.0001,200,128,0.0,0
83,3,0.6925,64,64,3,0.1,0.5,0.001,0.0001,200,128,0.0,0
83,4,0.5135,64,64,3,0.1,0.5,0.001,0.0001,200,128,0.0,0
84,0,0.6823,128,128,3,0.1,0.5,0.001,0.0001,200,128,0.1,0
84,1,0.7133,128,128,3,0.1,0.5,0.001,0.0001,200,128,0.1,0
84,2,0.6267,128,128,3,0.1,0.5,0.001,0.0001,200,128,0.1,0
84,3,0.6422,128,128,3,0.1,0.5,0.001,0.0001,200,128,0.1,0
84,4,0.5074,128,128,3,0.1,0.5,0.001,0.0001,200,128,0.1,0
85,0,0.7254,32,128,3,0.5,0.5,0.001,0.0001,700,32,0.1,0
85,1,0.1459,32,128,3,0.5,0.5,0.001,0.0001,700,32,0.1,0
85,2,0.2208,32,128,3,0.5,0.5,0.001,0.0001,700,32,0.1,0
85,3,0.5285,32,128,3,0.5,0.5,0.001,0.0001,700,32,0.1,0
85,4,0.4547,32,128,3,0.5,0.5,0.001,0.0001,700,32,0.1,0
86,0,0.2022,32,32,5,0.5,0.1,0.005,0.0001,200,64,0.1,0
86,1,0.4064,32,32,5,0.5,0.1,0.005,0.0001,200,64,0.1,0
86,2,0.1471,32,32,5,0.5,0.1,0.005,0.0001,200,64,0.1,0
86,3,0.6726,32,32,5,0.5,0.1,0.005,0.0001,200,64,0.1,0
86,4,0.4545,32,32,5,0.5,0.1,0.005,0.0001,200,64,0.1,0
87,0,0.6584,32,128,1,0.1,0.5,0.005,0.0001,600,64,0.0,10
87,1,0.6387,32,128,1,0.1,0.5,0.005,0.0001,600,64,0.0,10
87,2,0.6381,32,128,1,0.1,0.5,0.005,0.0001,600,64,0.0,10
87,3,0.5951,32,128,1,0.1,0.5,0.005,0.0001,600,64,0.0,10
87,4,0.4399,32,128,1,0.1,0.5,0.005,0.0001,600,64,0.0,10
88,0,0.6102,64,128,3,0.1,0.5,0.001,0.0001,600,64,0.1,10
88,1,0.576,64,128,3,0.1,0.5,0.001,0.0001,600,64,0.1,10
88,2,0.6636,64,128,3,0.1,0.5,0.001,0.0001,600,64,0.1,10
88,3,0.692,64,128,3,0.1,0.5,0.001,0.0001,600,64,0.1,10
88,4,0.6439,64,128,3,0.1,0.5,0.001,0.0001,600,64,0.1,10
89,0,0.6884,64,64,6,0.5,0.5,0.005,0.0001,200,128,0.0,10
89,1,0.6339,64,64,6,0.5,0.5,0.005,0.0001,200,128,0.0,10
89,2,0.6062,64,64,6,0.5,0.5,0.005,0.0001,200,128,0.0,10
89,3,0.5751,64,64,6,0.5,0.5,0.005,0.0001,200,128,0.0,10
89,4,0.4987,64,64,6,0.5,0.5,0.005,0.0001,200,128,0.0,10
90,0,0.7372,128,64,6,0.5,0.5,0.005,0.0001,400,128,0.0,0
90,1,0.7293,128,64,6,0.5,0.5,0.005,0.0001,400,128,0.0,0
90,2,0.6363,128,64,6,0.5,0.5,0.005,0.0001,400,128,0.0,0
90,3,0.7339,128,64,6,0.5,0.5,0.005,0.0001,400,128,0.0,0
90,4,0.6258,128,64,6,0.5,0.5,0.005,0.0001,400,128,0.0,0
91,0,0.7064,128,32,6,0.5,0.5,0.005,0.0001,500,64,0.0,0
91,1,0.7184,128,32,6,0.5,0.5,0.005,0.0001,500,64,0.0,0
91,2,0.7539,128,32,6,0.5,0.5,0.005,0.0001,500,64,0.0,0
91,3,0.7282,128,32,6,0.5,0.5,0.005,0.0001,500,64,0.0,0
91,4,0.7176,128,32,6,0.5,0.5,0.005,0.0001,500,64,0.0,0
92,0,0.5982,32,32,4,0.1,0.5,0.005,0.0001,1000,128,0.0,10
92,1,0.6964,32,32,4,0.1,0.5,0.005,0.0001,1000,128,0.0,10
92,2,0.5524,32,32,4,0.1,0.5,0.005,0.0001,1000,128,0.0,10
92,3,0.4577,32,32,4,0.1,0.5,0.005,0.0001,1000,128,0.0,10
92,4,0.5011,32,32,4,0.1,0.5,0.005,0.0001,1000,128,0.0,10
93,0,0.6991,128,128,4,0.5,0.1,0.001,0.0001,300,32,0.1,0
93,1,0.3903,128,128,4,0.5,0.1,0.001,0.0001,300,32,0.1,0
93,2,0.6062,128,128,4,0.5,0.1,0.001,0.0001,300,32,0.1,0
93,3,0.6376,128,128,4,0.5,0.1,0.001,0.0001,300,32,0.1,0
93,4,0.6393,128,128,4,0.5,0.1,0.001,0.0001,300,32,0.1,0
94,0,0.1762,32,128,4,0.5,0.5,0.001,0.0001,1000,64,0.1,0
94,1,0.4986,32,128,4,0.5,0.5,0.001,0.0001,1000,64,0.1,0
94,2,0.5806,32,128,4,0.5,0.5,0.001,0.0001,1000,64,0.1,0
94,3,0.4015,32,128,4,0.5,0.5,0.001,0.0001,1000,64,0.1,0
94,4,0.6423,32,128,4,0.5,0.5,0.001,0.0001,1000,64,0.1,0
95,0,0.6725,64,128,4,0.1,0.1,0.005,0.0001,200,32,0.0,0
95,1,0.6672,64,128,4,0.1,0.1,0.005,0.0001,200,32,0.0,0
95,2,0.6245,64,128,4,0.1,0.1,0.005,0.0001,200,32,0.0,0
95,3,0.5885,64,128,4,0.1,0.1,0.005,0.0001,200,32,0.0,0
95,4,0.7029,64,128,4,0.1,0.1,0.005,0.0001,200,32,0.0,0
96,0,0.5095,64,128,5,0.5,0.5,0.001,0.0001,700,128,0.1,0
96,1,0.3525,64,128,5,0.5,0.5,0.001,0.0001,700,128,0.1,0
96,2,0.5963,64,128,5,0.5,0.5,0.001,0.0001,700,128,0.1,0
96,3,0.5674,64,128,5,0.5,0.5,0.001,0.0001,700,128,0.1,0
96,4,0.4586,64,128,5,0.5,0.5,0.001,0.0001,700,128,0.1,0
97,0,0.6569,128,32,1,0.5,0.5,0.005,0.0001,1000,64,0.1,10
97,1,0.6878,128,32,1,0.5,0.5,0.005,0.0001,1000,64,0.1,10
97,2,0.7124,128,32,1,0.5,0.5,0.005,0.0001,1000,64,0.1,10
97,3,0.667,128,32,1,0.5,0.5,0.005,0.0001,1000,64,0.1,10
97,4,0.653,128,32,1,0.5,0.5,0.005,0.0001,1000,64,0.1,10
98,0,0.1515,32,64,2,0.5,0.1,0.005,0.0001,600,64,0.0,10
98,1,0.1515,32,64,2,0.5,0.1,0.005,0.0001,600,64,0.0,10
98,2,0.5659,32,64,2,0.5,0.1,0.005,0.0001,600,64,0.0,10
98,3,0.6797,32,64,2,0.5,0.1,0.005,0.0001,600,64,0.0,10
98,4,0.6503,32,64,2,0.5,0.1,0.005,0.0001,600,64,0.0,10
99,0,0.6159,32,128,6,0.1,0.1,0.005,0.0001,600,128,0.0,0
99,1,0.6792,32,128,6,0.1,0.1,0.005,0.0001,600,128,0.0,0
99,2,0.7015,32,128,6,0.1,0.1,0.005,0.0001,600,128,0.0,0
99,3,0.6513,32,128,6,0.1,0.1,0.005,0.0001,600,128,0.0,0
99,4,0.599,32,128,6,0.1,0.1,0.005,0.0001,600,128,0.0,0
